name,value
enr_cxense_throttle,throttle
adptseg_0046,kv1001#a-kv1002#e-kv1003#a-kv1004#e-kv1005#a-kv1006#a-kv1010#a-kv1011#a-kv1012#b-kv1013#f-kv1014#e-kv1015#b-kv1017#b-kv1019#3-kv1019#4-kv1019#5-kv1019#6-kv1019#8-kv1020#1-kv1020#11-kv1101#9-kv1202#1
adptset_0046,1
evid_v_0046,20220827231503
dfp_user_id,d1bb13a1-38d4-414c-a96a-815934edf4b1-ver2
sbjs_session,pgs%3D10%7C%7C%7Ccpg%3Dhttps%3A%2F%2Fm.olx.ro%2F
session_start_date,1661680447079
observed_aui,62992fd28f874fe58953ef4066946c6d
user_business_status,private
a_grant_type,device
PHPSESSID,aojsq6seusekkbju37rjnuhee0
ro_rock_ff,{%22features%22:[{%22name%22:%22delivery-ro-enable-lite%22%2C%22value%22:false}%2C{%22name%22:%22delivery-ro-enable%22%2C%22value%22:true}%2C{%22name%22:%22delivery-ro-enable-purchase%22%2C%22value%22:true}%2C{%22name%22:%22delivery-ro-enable-posting%22%2C%22value%22:true}%2C{%22name%22:%22delivery-ro-enable-listing%22%2C%22value%22:true}%2C{%22name%22:%22delivery-ro-cdn%22%2C%22value%22:true}%2C{%22name%22:%22delivery-ro-enable-pending-counters%22%2C%22value%22:false}%2C{%22name%22:%22delivery-ro-enable-campaign-subsidy%22%2C%22value%22:true}%2C{%22name%22:%22delivery-ro-skip-payment-step%22%2C%22value%22:false}%2C{%22name%22:%22delivery-enable-unification-settings%22%2C%22value%22:true}]%2C%22experiments%22:[{%22name%22:%22delivery-ro-old-flow-tab%22%2C%22value%22:%22%22}]}
__gads,ID=043e6b1ad45f3d46-2239b371ad7c0058:T=1661678500:RT=1661678500:S=ALNI_MY-yjo-7eVyi5cYwRFuDinnVKmnwg
_hjSessionUser_2218929,eyJpZCI6IjQxOWFjNzQ2LWQzODQtNTI5ZC1iZmNiLWRkMzYzZWU5MjhjMyIsImNyZWF0ZWQiOjE2NjE2Nzg0ODAzMjIsImV4aXN0aW5nIjp0cnVlfQ==
fingerprint,MTI1NzY4MzI5MTs0OzA7MDswOzE7MDswOzA7MDswOzE7MTsxOzE7MTsxOzE7MTsxOzE7MTsxOzE7MTswOzE7MTsxOzA7MDsxOzE7MTsxOzE7MTsxOzE7MTsxOzA7MTsxOzA7MTsxOzE7MDswOzA7MDswOzA7MTswOzE7MTswOzA7MDsxOzA7MDsxOzE7MDsxOzE7MTsxOzA7MTswOzk4MDg1MTQ2NjsyOzI7MjsyOzI7MjswOzI1NTU3NzQ3OTk7MzgzOTE3ODYyNTsxOzE7MTsxOzE7MTsxOzE7MTsxOzE7MTsxOzE7MTsxOzE7MDswOzA7Mjg4MTI4MjY2OTszNjM3NTUwODI0OzM2OTE3NTk4OTY7Nzg1MjQ3MDI5OzEwMDUzMDEyMDM7ODQ0OzM5MDsyNDsyNDstNDIwOy00ODA7LTQyMDstNDgwOy00MjA7LTQ4MDstNDIwOy00ODA7LTQyMDstNDgwOy00MjA7LTQ4MDstNDIwOy00ODA7LTQyMDstNDgwOy00MjA7LTQ4MDstNDIwOy00ODA7MTsxOzE=
x-device-id,5slnfwvrgzpltr%3A1661678550925
OptanonConsent,isGpcEnabled=0&datestamp=Sun+Aug+28+2022+02%3A21%3A39+GMT-0700+(Pacific+Daylight+Time)&version=6.18.0&isIABGlobal=false&hosts=&genVendors=V9%3A0%2C&consentId=825233a4-e088-4fa9-8ddb-42334d2048a6&interactionCount=2&landingPath=NotLandingPage&groups=C0001%3A1%2CC0002%3A1%2CC0003%3A1%2CC0004%3A1%2CSTACK42%3A1&AwaitingReconsent=false
eupubconsent-v2,CPecAQJPecAQJAcABBENCeCsAP_AAH_AAAYgI9tf_X__b2_j-_5_f_t0eY1P9_7__-0zjhfdl-8N3f_X_L8X52M7vF36pq4KuR4Eu3LBIQdlHOHcTUmw6okVrzPsbk2cr7NKJ7PEmnMbOydYGH9_n1_z-ZKY7_____7z_v-v___3____7-3f3__p_3_-__e_V_99zfn9_____9vP___9v-_9__________3_74I9gEmGrcQBdiWOBNtGEUCIEYVhIdQKACigGFogMIHVwU7K4CfWELABAKAIwIgQ4gowYBAAIBAEhEQEgR4IBEARAIAAQAKgEIACNgEFABYGAQACgGhYoxQBCBIQZEBEUpgQESJBQT2VCCUHehphCHWWAFBo_4qEBEoAQrAyEhYOQ4IkBLxZIFmKN8gBGCFAKJUIAAAA.f_gAD_gAAAAA
OptanonAlertBoxClosed,2022-08-28T09:21:39.281Z
user_adblock_status,FALSE
OTAdditionalConsentString,1~89.2008.2072.2322.2465.2501.2999.3028.3225.3226.3231.3232.3234.3235.3236.3237.3238.3240.3241.3244.3245.3250.3251.3253.3257.3260.3268.3270.3272.3281.3288.3290.3292.3293.3295.3296.3300.3306.3307.3308.3314.3315.3316
sbjs_migrations,1418474375998%3D1
deviceGUID,e62bdf4a-04d0-42c2-8339-719554b92c7f
enr_cxense_throttle,throttle
sbjs_udata,vst%3D1%7C%7C%7Cuip%3D%28none%29%7C%7C%7Cuag%3DMozilla%2F5.0%20%28Linux%3B%20Android%2010%3B%20SM-G981B%29%20AppleWebKit%2F537.36%20%28KHTML%2C%20like%20Gecko%29%20Chrome%2F80.0.3987.162%20Mobile%20Safari%2F537.36
__gpi,UID=000009009ed4f49e:T=1661678500:RT=1661678500:S=ALNI_MaSxx7rTaSjbKITwkZ_j_pgxnFzPQ
cdn_name,CF
sbjs_current_add,fd%3D2022-08-28%2002%3A21%3A31%7C%7C%7Cep%3Dhttps%3A%2F%2Fm.olx.ro%2F%7C%7C%7Crf%3D%28none%29
_pctx,%7Bu%7DN4IgDghg5gpgagSxgdwJIBMQC4QBsDs6ALANYAcAbgJwAu6NAxgwKwIAeIANCAK4DOMAE59sAOx65c3fkIDKNCDX7YQEUQHtRXEHwQ0YGFQEYjAZmZGADACZLANmtU7lspfz4LIAL5A
_ttp,d4c8d85c-26b7-4f13-a7f5-0210ecc7a4c6
_tt_enable_cookie,1
cX_G,cx%3Azbyuta00xab313g92ge2jqnjq%3Ampx2wbpunx0n
adptset_0046,1
_gcl_au,1.1.175214279.1661678481
sbjs_current,typ%3Dtypein%7C%7C%7Csrc%3D%28direct%29%7C%7C%7Cmdm%3D%28none%29%7C%7C%7Ccmp%3D%28none%29%7C%7C%7Ccnt%3D%28none%29%7C%7C%7Ctrm%3D%28none%29
_hjAbsoluteSessionInProgress,0
_hjFirstSeen,1
_ga,GA1.2.810870055.1661678480
dfp_segment,%5B%5D
laquesissu,303@jobs_preferences_click|0#303@jobs_save_preferred_position|0#303@jobs_select_preferred_time|0#303@jobs_select_preferred_contract|0#303@jobs_save_preferred_salary|0
evid_0046,67e5156c-9ce4-41f2-a5ca-afd4c69e216b
cX_S,l7d4gnand1wqxr43
laquesis,buy-1848@a#decision-377@b#decision-536@b#do-2820@b#er-1697@a#er-1708@a#er-1725@a#euonb-524@b#jobs-3482@a#jobs-3722@a#jobs-3728@b#jobs-3837@b#jobs-4023@b#oesx-1770@b#oesx-1803@b
adptseg_0046,kv1001#a-kv1002#e-kv1003#a-kv1004#e-kv1005#a-kv1006#a-kv1010#a-kv1011#a-kv1012#b-kv1013#f-kv1014#e-kv1015#b-kv1017#b-kv1019#3-kv1019#4-kv1019#5-kv1019#6-kv1019#8-kv1020#1-kv1020#11-kv1101#9-kv1202#1
laquesisff,aut-388#aut-716#buy-2489#buy-2811#dat-2874#decision-256#decision-657#euonb-114#euonb-48#kuna-307#oesx-1437#oesx-1452#oesx-1643#oesx-645#oesx-867#olxeu-29763#srt-1289#srt-1346#srt-1434#srt-1593#srt-1758#srt-544#srt-545#srt-684#srt-899#uacc-69
lqstatus,1661679679||||
_hjIncludedInSessionSample,0
_hjSession_2218929,eyJpZCI6ImQ0MTk5ZGM1LWI4ZDgtNGZjNy05NmMxLTk1OTEwNjBjN2RiYyIsImNyZWF0ZWQiOjE2NjE2Nzg0ODAzMzgsImluU2FtcGxlIjpmYWxzZX0=
lister_lifecycle,1661678468
cX_P,l7d4gn8r3swgrt9r
sbjs_first,typ%3Dtypein%7C%7C%7Csrc%3D%28direct%29%7C%7C%7Cmdm%3D%28none%29%7C%7C%7Ccmp%3D%28none%29%7C%7C%7Ccnt%3D%28none%29%7C%7C%7Ctrm%3D%28none%29
evid_v_0046,20220827231503
mobile_default,desktop
_pcid,%7B%22browserId%22%3A%22l7d4gn8r3swgrt9r%22%7D
user_id,572898055
ldTd,TRUE
a_access_token,cf2e5de0aabca5cb5a6588d053ddeb905f8418f2
G_ENABLED_IDPS,google
evid_0046,67e5156c-9ce4-41f2-a5ca-afd4c69e216b
dfp_user_id,8cf76f2d-0b43-4b14-bca1-001c6f34db91-ver2
_gid,GA1.2.2077110522.1661678480
sbjs_first_add,fd%3D2022-08-28%2002%3A21%3A31%7C%7C%7Cep%3Dhttps%3A%2F%2Fm.olx.ro%2F%7C%7C%7Crf%3D%28none%29
onap,182e3c15e9ax444978f8-1-182e3c15e9ax444978f8-26-1661680447
_pprv,%7B%22consent%22%3A%7B%220%22%3A%7B%22mode%22%3A%22opt-in%22%7D%2C%221%22%3A%7B%22mode%22%3A%22opt-in%22%7D%2C%222%22%3A%7B%22mode%22%3A%22opt-in%22%7D%2C%223%22%3A%7B%22mode%22%3A%22opt-in%22%7D%2C%224%22%3A%7B%22mode%22%3A%22opt-in%22%7D%2C%225%22%3A%7B%22mode%22%3A%22opt-in%22%7D%2C%226%22%3A%7B%22mode%22%3A%22opt-in%22%7D%2C%227%22%3A%7B%22mode%22%3A%22opt-in%22%7D%7D%7D
a_refresh_token,befbc2dd1a3b8bb1f50b4f3386f3e1d119cef3a1
newrelic_cdn_name,CF