https://www.autovit.ro/anunt/bmw-seria-5-ID7GY5eO.html#xtor=SEC-81,
https://www.olx.ro/d/oferta/skoda-vw-golf-6-vi-interior-deosebit-2010-clima-scaune-inc-IDfEdWc.html#360fcb1fa3,
https://www.olx.ro/d/oferta/golf-4-2002-benzina-IDg11uy.html#360fcb1fa3,
https://www.olx.ro/d/oferta/volkswagen-golf-5-plus-1-9-tdi-IDg11uc.html#360fcb1fa3,
https://www.autovit.ro/anunt/audi-a7-3-0-tdi-quattro-s-tronic-ID7GXYQ3.html#xtor=SEC-81,
https://www.olx.ro/d/oferta/vand-sau-schimb-solex-3800-IDg11u5.html#360fcb1fa3,
https://www.olx.ro/d/oferta/mercedes-benz-w140-400sel-vehicul-istoric-stare-originala-IDfVbET.html#360fcb1fa3,
https://www.olx.ro/d/oferta/mazdac-cx7-4x4-euro5-IDfV9dz.html#360fcb1fa3,
https://www.olx.ro/d/oferta/opel-astra-k-2017-1-6-cdti-hatchback-tva-deductibil-garantie-IDfVbFc.html#360fcb1fa3,
https://www.olx.ro/d/oferta/sprinter-2-2cdi-volan-dreapta-vand-sau-schimb-cu-o-camioneta-IDfOfnK.html#360fcb1fa3,
https://www.olx.ro/d/oferta/platforma-tractari-auto-iveco-daily-an-2012-omologata-ba14-transport-IDg11tU.html#360fcb1fa3,
https://www.olx.ro/d/oferta/mercedes-benz-c-classe-1-8-benzina-gpl-184-cp-IDfOJLW.html#360fcb1fa3,
https://www.olx.ro/d/oferta/bmw-x4-190cp-2015-IDfVbtE.html#360fcb1fa3,
https://www.olx.ro/d/oferta/trailer-platforma-niewiadow-mars-4m-noi-IDfVbD5.html#360fcb1fa3,
https://www.olx.ro/d/oferta/skoda-octavia-break-IDg11tK.html#360fcb1fa3,
https://www.olx.ro/d/oferta/citroen-c4-grand-picasso-IDg11sD.html#360fcb1fa3,
https://www.olx.ro/d/oferta/schimb-bmw-f30-2-0d-seria-3-IDg11tB.html#360fcb1fa3,
https://www.olx.ro/d/oferta/atv-binzina-copii-50-cc-IDg11tg.html#360fcb1fa3,
https://www.olx.ro/d/oferta/renault-clio-2003-cu-roti-vara-si-iarna-IDfUWlJ.html#360fcb1fa3,
https://www.olx.ro/d/oferta/renault-scenic-ii-climatronic-1-5-dci-6-trepte-IDg10OZ.html#360fcb1fa3,
https://www.olx.ro/d/oferta/mercedes-benz-o-403-shd-IDfbUq4.html#360fcb1fa3,
https://www.olx.ro/d/oferta/toyota-avensis-1-8-vvt-i-IDfOYIz.html#360fcb1fa3,
https://www.olx.ro/d/oferta/carlig-cui-remorcare-mercedes-IDfKySG.html#360fcb1fa3,
https://www.olx.ro/d/oferta/vand-dacia-logan-pentru-rabla-IDg11t6.html#360fcb1fa3,
https://www.olx.ro/d/oferta/vand-schimb-audi-a6-quattro-break-IDg11t3.html#360fcb1fa3,
https://www.olx.ro/d/oferta/renault-megane-3-1-5-110-cp-gt-line-IDg11sX.html#360fcb1fa3,
https://www.autovit.ro/anunt/audi-a4-ID7GY5eK.html#xtor=SEC-81,
https://www.olx.ro/d/oferta/bmw-640-x-drive-an-2014-313-cp-ireprosabil-4-butoane-IDfVLaZ.html#360fcb1fa3,
https://www.olx.ro/d/oferta/skoda-superb-2-0-tdi-dsg-alcantara-keyless-go-entry-IDfNjCD.html#360fcb1fa3,
https://www.olx.ro/d/oferta/bena-cereale-kel-berg-IDg10Kd.html#360fcb1fa3,
https://www.olx.ro/d/oferta/bmw-seria-5-in-stare-exceptionala-IDfQsKT.html#360fcb1fa3,
https://www.olx.ro/d/oferta/toyota-rav4-facelift-euro5-rar-efectuat-IDg10N2.html#360fcb1fa3,
https://www.autovit.ro/anunt/bmw-seria-5-ID7GY5eL.html#xtor=SEC-81,
https://www.olx.ro/d/oferta/vw-doka-pret-1-900-euro-IDg11sc.html#360fcb1fa3,
https://www.olx.ro/d/oferta/iveco-daily-15-europaleti-IDfTRZM.html#360fcb1fa3,
https://www.olx.ro/d/oferta/bmw-x3-2008-facelift-distributie-noua-cu-factura-masina-este-ca-noua-IDfMEoC.html#360fcb1fa3,
https://www.olx.ro/d/oferta/atv-electrc-pentru-copii-800w-IDg11rD.html#360fcb1fa3,
https://www.olx.ro/d/oferta/vand-audia-a6-an-fabricatie-2005-2-5-motor-pret-an-euro-IDg11rS.html#360fcb1fa3,
https://www.olx.ro/d/oferta/vand-volkwagen-passat-IDg11rR.html#360fcb1fa3,
https://www.olx.ro/d/oferta/vand-bmw-seria-5-m-pack-facelift-posibilitate-rate-euro-5-IDfXNn3.html#360fcb1fa3;promoted,
https://www.olx.ro/d/oferta/opel-zafira-b-an-2006-motor-1-8-benzina-140-cp-navigatie-climatronic-IDfRYSo.html#360fcb1fa3;promoted,
https://www.olx.ro/d/oferta/ford-kuga-2018-diesel-IDfOGhp.html#360fcb1fa3;promoted,
https://www.olx.ro/d/oferta/opel-astra-cabrio-2009-IDeFoCA.html#360fcb1fa3;promoted,
https://www.olx.ro/d/oferta/mercedes-c-class-1-8-kompressor-benzina-inmatriculat-2009-IDfWqHW.html#360fcb1fa3;promoted,
https://www.olx.ro/d/oferta/vand-schimb-audi-a4-IDeDju1.html#db1d1b0f31,
https://www.autovit.ro/anunt/bmw-seria-1-ID7GI7JU.html#xtor=SEC-81,
https://www.olx.ro/d/oferta/fiat-ducato-platforma-autoplatforma-2-3-iveco-ac-perne-de-aer-IDfUWn0.html#db1d1b0f31,
https://www.olx.ro/d/oferta/cauciuc-motoreta-90-90-21-IDg11qF.html#db1d1b0f31,
https://www.autovit.ro/anunt/nissan-juke-1-6-dig-t-ID7GUSv7.html#xtor=SEC-81,
https://www.olx.ro/d/oferta/vand-schimb-bmw-e90-IDg11qO.html#db1d1b0f31,
https://www.olx.ro/d/oferta/audi-q5-2010-2-0-tfsi-211-cp-cutie-automata-quattro-euro-5-IDfRor0.html#db1d1b0f31,
https://www.olx.ro/d/oferta/mercedes-sprinter-2-2cdi-platforma-tractari-auto-IDeAHVq.html#db1d1b0f31,
https://www.olx.ro/d/oferta/scutere-tazz-glovo-boltfood-IDg11qJ.html#db1d1b0f31,
https://www.olx.ro/d/oferta/lichidare-parc-camion-mercedes-unimog-doka-buldoexcavator-l200-greder-IDdTIO8.html#db1d1b0f31,
https://www.olx.ro/d/oferta/ford-focus-turnier-break-1-6-benzina-gpl-IDfVbxQ.html#db1d1b0f31,
https://www.autovit.ro/anunt/mazda-2-1-3i-ID7GX0Ke.html#xtor=SEC-81,
https://www.olx.ro/d/oferta/smart-forfour-electric-drive-full-IDfWnfM.html#db1d1b0f31,
https://www.olx.ro/d/oferta/opel-astra-h-hatchback-IDg11qA.html#db1d1b0f31,
https://www.olx.ro/d/oferta/bascula-mercedes-IDfW5OL.html#db1d1b0f31,
https://www.olx.ro/d/oferta/bmw-e90-navigatie-clima-jante-IDfQlVe.html#db1d1b0f31,
https://www.olx.ro/d/oferta/bmw-120d-m-pachet-177-cp-IDg11qj.html#db1d1b0f31,
https://www.olx.ro/d/oferta/hyunda-tucson-2-0crdi-4wd-diesel-2005-104500-km-IDfUWms.html#db1d1b0f31,
https://www.autovit.ro/anunt/ford-transit-custom-ID7GXGJz.html#xtor=SEC-81,
https://www.olx.ro/d/oferta/vind-anvelope-noi-IDg11qh.html#db1d1b0f31,
https://www.olx.ro/d/oferta/honda-civic-5dr-automat-IDg11qc.html#db1d1b0f31,
https://www.olx.ro/d/oferta/mercedes-basculabil-3-parti-IDdm1kj.html#db1d1b0f31,
https://www.olx.ro/d/oferta/bmw-e90-seria3-climatronic-jante-senzori-IDfQlRq.html#db1d1b0f31,
https://www.olx.ro/d/oferta/cap-tractor-man-tgs-18-440-IDg10GL.html#db1d1b0f31,
https://www.olx.ro/d/oferta/mazda-6-defecta-pentru-dezmembrat-IDfSVQi.html#db1d1b0f31,
https://www.autovit.ro/anunt/ford-fiesta-1-5-tdci-ID7GWwDH.html#xtor=SEC-81,
https://www.olx.ro/d/oferta/audi-a4-automata-IDfXUCM.html#db1d1b0f31,
https://www.olx.ro/d/oferta/vand-vw-golf-1-4tsi-2010-euro5-dsg-model-highline-import-germania-IDfv95l.html#db1d1b0f31,
https://www.autovit.ro/anunt/renault-megane-energy-dci-110-start-stop-ID7GYpy7.html#xtor=SEC-81,
https://www.autovit.ro/anunt/audi-a4-ID7GY5bV.html#xtor=SEC-81,
https://www.olx.ro/d/oferta/bmw-seria-5-g30-smart-key-IDfXoRl.html#db1d1b0f31,
https://www.autovit.ro/anunt/dacia-pick-up-ID7GXGPf.html#xtor=SEC-81,
https://www.olx.ro/d/oferta/vand-audi-a5-model-2013-sport-IDfXoQX.html#db1d1b0f31,
https://www.autovit.ro/anunt/bmw-seria-3-ID7GYKHi.html#xtor=SEC-81,
https://www.olx.ro/d/oferta/vw-golf-5-confortline-1-4tsi-140cp-manual-navigatie-igo-IDfVbfl.html#db1d1b0f31,
https://www.autovit.ro/anunt/kia-sportage-ID7GY5by.html#xtor=SEC-81,
https://www.autovit.ro/anunt/volkswagen-tiguan-2-0-tdi-dpf-4motion-ID7GXG0O.html#xtor=SEC-81,
https://www.autovit.ro/anunt/toyota-rav4-2-0-ID7GXXAs.html#xtor=SEC-81,
https://www.olx.ro/d/oferta/vand-peugeot-508-sw-IDfWxIe.html#db1d1b0f31,
https://www.autovit.ro/anunt/skoda-fabia-1-2-htp-ID7GXWwL.html#xtor=SEC-81,
https://www.olx.ro/d/oferta/vito-113cdi-euro5-2013-facelift-clima-ac-136cp-IDfV96g.html#db1d1b0f31;promoted,
https://www.olx.ro/d/oferta/superoperta-urgent-renault-midlum-7-5t-180dci-2006-7-2x2-4x2-7m-IDf5SjV.html#db1d1b0f31;promoted,
https://www.olx.ro/d/oferta/passat-b6-2009-euro-5-170-cp-IDfQ4nb.html#db1d1b0f31;promoted,
https://www.autovit.ro/anunt/skoda-octavia-combi-1-6-tdi-dpf-dsg-ID7GXWfO.html#xtor=SEC-81,
https://www.autovit.ro/anunt/renault-megane-energy-dci-110-start-stop-ID7GYpy7.html#xtor=SEC-81,
https://www.autovit.ro/anunt/audi-a4-ID7GY5bV.html#xtor=SEC-81,
https://www.olx.ro/d/oferta/bmw-seria-5-g30-smart-key-IDfXoRl.html#e53b47426d,
https://www.autovit.ro/anunt/dacia-pick-up-ID7GXGPf.html#xtor=SEC-81,
https://www.olx.ro/d/oferta/vand-audi-a5-model-2013-sport-IDfXoQX.html#e53b47426d,
https://www.autovit.ro/anunt/bmw-seria-3-ID7GYKHi.html#xtor=SEC-81,
https://www.olx.ro/d/oferta/vw-golf-5-confortline-1-4tsi-140cp-manual-navigatie-igo-IDfVbfl.html#e53b47426d,
https://www.autovit.ro/anunt/kia-sportage-ID7GY5by.html#xtor=SEC-81,
https://www.autovit.ro/anunt/volkswagen-tiguan-2-0-tdi-dpf-4motion-ID7GXG0O.html#xtor=SEC-81,
https://www.autovit.ro/anunt/toyota-rav4-2-0-ID7GXXAs.html#xtor=SEC-81,
https://www.olx.ro/d/oferta/vand-peugeot-508-sw-IDfWxIe.html#e53b47426d,
https://www.olx.ro/d/oferta/audi-a4-2002-1-9-tdi-IDg11p9.html#e53b47426d,
https://www.olx.ro/d/oferta/bmw-320-i-e-90-navigatie-xenon-climatronic-imp-germania-IDfMVIt.html#e53b47426d,
https://www.olx.ro/d/oferta/audi-q5-quattro-8r-s-line-variante-IDg11p5.html#e53b47426d,
https://www.olx.ro/d/oferta/suv-kia-sorento-7-locuri-IDg11nO.html#e53b47426d,
https://www.olx.ro/d/oferta/vand-taxi-cu-loc-IDfWdGa.html#e53b47426d,
https://www.olx.ro/d/oferta/vand-vw-passat-2-0-tdi-euro5-model-comfortline-import-germania-IDfVbza.html#e53b47426d,
https://www.olx.ro/d/oferta/mercedes-sprinter-518-519-v6-motor-3-0-euro5-2009-ac-detarat-3-5t-516-IDfVbyP.html#e53b47426d,
https://www.olx.ro/d/oferta/ford-fuzion-cross-edition-IDfVbz2.html#e53b47426d,
https://www.olx.ro/d/oferta/ssangyong-rexton-2-7-xdi-4x4-IDfyioG.html#e53b47426d,
https://www.autovit.ro/anunt/porsche-panamera-4s-ID7GWvDi.html#xtor=SEC-81,
https://www.autovit.ro/anunt/nissan-x-trail-1-6l-dci-start-stop-4x4-i-ID7GQim0.html#xtor=SEC-81,
https://www.olx.ro/d/oferta/scuter-mini-800w-pentru-adulti-si-copii-IDg11ov.html#e53b47426d,
https://www.autovit.ro/anunt/bmw-seria-5-520d-ID7GX00b.html#xtor=SEC-81,
https://www.autovit.ro/anunt/nissan-qashqai-2-0-dci-4-x-4-dpf-ID7GYKHs.html#xtor=SEC-81,
https://www.olx.ro/d/oferta/vw-phaeton-3-0-tdi-2006-IDfVbxN.html#e53b47426d,
https://www.olx.ro/d/oferta/audi-q5-quattro-2litri-diesel-177cp-euro-5-cutie-automata-an-2011-IDfVbxT.html#e53b47426d,
https://www.olx.ro/d/oferta/mazda-cx5-150cp-diesel-4x4-distributie-schimbata-IDfaumX.html#e53b47426d,
https://www.olx.ro/d/oferta/volkswagen-golf-vi-1-6-tdi-break-IDfQIeJ.html#e53b47426d,
https://www.olx.ro/d/oferta/alfta-gt-2-0benzina-166cp-xenon-recaro-alcantara-jante-18-IDfnCG6.html#e53b47426d,
https://www.olx.ro/d/oferta/vand-schimb-cu-electonice-telefoane-peugeot-308-IDfNcxE.html#e53b47426d,
https://www.olx.ro/d/oferta/mercedes-e220-IDfl258.html#e53b47426d,
https://www.autovit.ro/anunt/ford-mondeo-1-8-tdci-ID7GYgZ3.html#xtor=SEC-81,
https://www.olx.ro/d/oferta/vand-audi-a4-2-0tdi-IDg11o4.html#e53b47426d,
https://www.olx.ro/d/oferta/audi-a3-tfsi-4x4-IDg11nP.html#e53b47426d,
https://www.olx.ro/d/oferta/urgent-toyota-auris-hybrid-webasto-garantie-2023-variante-de-schimb-IDfUKMk.html#e53b47426d,
https://www.olx.ro/d/oferta/volkswagen-eos-2-0-tdi-dsg-IDg11nE.html#e53b47426d,
https://www.autovit.ro/anunt/nissan-x-trail-1-6d-stop-start-4x4-i-ID7GX7nG.html#xtor=SEC-81,
https://www.olx.ro/d/oferta/mercedes-citan-109-extra-lung-a-c-proiectoare-197-000km-2014-IDfSLVK.html#e53b47426d,
https://www.autovit.ro/anunt/aston-martin-dbx-ID7GPniO.html#xtor=SEC-81,
https://www.olx.ro/d/oferta/camion-cu-macara-IDfZh1c.html#e53b47426d;promoted,
https://www.olx.ro/d/oferta/audi-a6-c7-facelift-2017-unic-proprietar-2-0-diesel-IDfRFG2.html#e53b47426d;promoted,
https://www.autovit.ro/anunt/volkswagen-golf-1-4-tsi-bluemotion-technology-dsg-ID7GY6vJ.html#xtor=SEC-81,
https://www.autovit.ro/anunt/toyota-land-cruiser-3-0-td-4d-ID7GXUtu.html#xtor=SEC-81,
https://www.olx.ro/d/oferta/peugeot-3008-1-6-hdi-2012-euro-5-cv-automata-IDfhp3a.html#871b4876ee,
https://www.olx.ro/d/oferta/vand-sau-schimb-scuter-49-IDg11nw.html#871b4876ee,
https://www.olx.ro/d/oferta/opel-zafira-c-2-0-cdti-195cp-2015-model-sport-bi-xenon-IDfSM42.html#871b4876ee,
https://www.olx.ro/d/oferta/vand-schimb-opel-astra-h-IDftXWo.html#871b4876ee,
https://www.olx.ro/d/oferta/vw-polo-6r-1-6-tdi-IDg11np.html#871b4876ee,
https://www.olx.ro/d/oferta/vw-passat-2-0-tdi-4x4-2008-IDfWw7i.html#871b4876ee,
https://www.autovit.ro/anunt/skoda-octavia-1-9-tdi-dpf-ID7GXRxG.html#xtor=SEC-81,
https://www.olx.ro/d/oferta/mercedes-benz-sprinter-316-2016-extra-lung-extra-inalt-178-000km-IDfT88J.html#871b4876ee,
https://www.olx.ro/d/oferta/ford-c-max-1-6-tdci-an-2005-IDfGOEk.html#871b4876ee,
https://www.autovit.ro/anunt/opel-insignia-1-6-cdti-sports-tourer-aut-ID7GY5ew.html#xtor=SEC-81,
https://www.olx.ro/d/oferta/dezmebrez-peugeot-307-sau-vand-intrega-IDg11nh.html#871b4876ee,
https://www.olx.ro/d/oferta/audi-a4-b8-IDg11ne.html#871b4876ee,
https://www.autovit.ro/anunt/fiat-ducato-maxi-ID7GVqPe.html#xtor=SEC-81,
https://www.autovit.ro/anunt/jaguar-xe-20d-ID7GXXIv.html#xtor=SEC-81,
https://www.olx.ro/d/oferta/bmw-x5-e70-2008-3-0d-IDfRU3Q.html#871b4876ee,
https://www.olx.ro/d/oferta/opel-astra-h-gtc-36-000-de-km-IDg0t8W.html#871b4876ee,
https://www.autovit.ro/anunt/daf-xf-440ft-ID7GOaP6.html#xtor=SEC-81,
https://www.autovit.ro/anunt/daf-xf-450ft-ID7GOaPg.html#xtor=SEC-81,
https://www.autovit.ro/anunt/daf-cf-85-460-ID7GOaP0.html#xtor=SEC-81,
https://www.olx.ro/d/oferta/bmw-520d-184cp-f10-joystick-piele-trapa-217-000-km-2011-IDg0t9e.html#871b4876ee,
https://www.olx.ro/d/oferta/vand-fiat-punto-motor-1-1-benzina-IDg11mS.html#871b4876ee,
https://www.olx.ro/d/oferta/volkswagen-passat-b8-facelift-2020-1-5-tsi-IDg11mM.html#871b4876ee,
https://www.autovit.ro/anunt/bmw-seria-3-316d-ID7GXRwp.html#xtor=SEC-81,
https://www.olx.ro/d/oferta/vand-yamaha-yzf-2012-250-in-4-timpi-IDfUKJi.html#871b4876ee,
https://www.olx.ro/d/oferta/vind-turan-2000tdi-IDg11mz.html#871b4876ee,
https://www.autovit.ro/anunt/bmw-seria-5-530d-ID7GPApe.html#xtor=SEC-81,
https://www.autovit.ro/anunt/volkswagen-golf-ID7GVVUS.html#xtor=SEC-81,
https://www.olx.ro/d/oferta/platforma-boro-4-5m-IDg11mp.html#871b4876ee,
https://www.olx.ro/d/oferta/suzuki-grand-vitara-limited-4x4-trapa-8-roti-navi-incalzire-IDfYCkm.html#871b4876ee,
https://www.autovit.ro/anunt/bmw-seria-5-520d-ID7GXFYI.html#xtor=SEC-81,
https://www.olx.ro/d/oferta/vand-ford-transit-alb-IDg11m7.html#871b4876ee,
https://www.autovit.ro/anunt/bmw-seria-5-540i-xdrive-at-ID7GTOlD.html#xtor=SEC-81,
https://www.olx.ro/d/oferta/vw-passat-2-0-tdi-highline-2014-limuzina-full-option-IDfVbvh.html#871b4876ee,
https://www.olx.ro/d/oferta/renault-grand-scenic-diesel-7-locuri-import-de-2-zile-vw-IDfVbvg.html#871b4876ee,
https://www.olx.ro/d/oferta/scuter-electric-pt-adulti-si-copii-2022-IDg11lz.html#871b4876ee,
https://www.olx.ro/d/oferta/vand-transporter-t4-IDeQ600.html#871b4876ee,
https://www.olx.ro/d/oferta/ford-focus-2018-cutie-automata-1-5tdci-120-cp-titanium-rate-IDfZL9L.html#871b4876ee,
https://www.olx.ro/d/oferta/bmw-seria-3gt-184-cp-167k-km-2014-m-int-ext-pano-at-fara-schimb-IDe9Yyb.html#871b4876ee,
https://www.olx.ro/d/oferta/bmw-e46-325ci-2-5i-IDg11lH.html#871b4876ee,
https://www.autovit.ro/anunt/bmw-x5-xdrive40d-ID7GXAOg.html#xtor=SEC-81,
https://www.autovit.ro/anunt/volkswagen-passat-variant-1-6-tdi-bluemotion-technology-ID7GYgFh.html#xtor=SEC-81,
https://www.autovit.ro/anunt/bmw-x1-xdrive18d-ID7GY7Is.html#xtor=SEC-81,
https://www.olx.ro/d/oferta/vw-passat-b8-2-0-tdi-150cp-euro6-IDfJv1U.html#871b4876ee;promoted,
https://www.olx.ro/d/oferta/opel-corsa-pachet-opc-IDfWhNp.html#871b4876ee;promoted,
https://www.olx.ro/d/oferta/vw-golf-plus-2010-euro-5-IDfOJEe.html#6dfe86c945,
https://www.olx.ro/d/oferta/audi-a4-b8-2009-2-0d-IDg11lC.html#6dfe86c945,
https://www.olx.ro/d/oferta/kawasaki-z750-35kw-a2-IDfWXM6.html#6dfe86c945,
https://www.autovit.ro/anunt/toyota-corolla-1-6-valvematic-ID7GT66G.html#xtor=SEC-81,
https://www.olx.ro/d/oferta/bmw-f15-x5-3-0d-m-pack-full-led-IDfTivo.html#6dfe86c945,
https://www.olx.ro/d/oferta/vand-skoda-octavia-2-1-6-benzina-automata-dsg-2006-model-ellegance-IDfVbww.html#6dfe86c945,
https://www.autovit.ro/anunt/bmw-seria-1-ID7GY5er.html#xtor=SEC-81,
https://www.autovit.ro/anunt/skoda-yeti-outdoor-2-0-tdi-ID7GWtYx.html#xtor=SEC-81,
https://www.olx.ro/d/oferta/renault-scenic-1-5-dci-IDfvzY4.html#6dfe86c945,
https://www.olx.ro/d/oferta/volkswagen-golf-golf-4-coupe-benzina-1-4-16v-euro-4-ambreiaj-nou-IDcNGNb.html#6dfe86c945,
https://www.olx.ro/d/oferta/vw-passat-b6-2007-IDfNQ02.html#6dfe86c945,
https://www.autovit.ro/anunt/mazda-6-skyactiv-g-165-ID7GWsnO.html#xtor=SEC-81,
https://www.autovit.ro/anunt/volkswagen-transporter-ID7GYgWz.html#xtor=SEC-81,
https://www.olx.ro/d/oferta/ful-option-posibilitate-rate-avans-0-IDfVbw1.html#6dfe86c945,
https://www.olx.ro/d/oferta/vand-bmw-e39-520i-gpl-IDg11jV.html#6dfe86c945,
https://www.olx.ro/d/oferta/atv-pentru-copii-2022-IDg11kX.html#6dfe86c945,
https://www.olx.ro/d/oferta/ford-focus-2-facelift-2010-alb-IDfV5Ef.html#6dfe86c945,
https://www.olx.ro/d/oferta/opel-vivaro-euro-5-IDfVbuZ.html#6dfe86c945,
https://www.autovit.ro/anunt/bmw-seria-3-318d-ID7GRcqI.html#xtor=SEC-81,
https://www.olx.ro/d/oferta/vand-skoda-octavia-2-IDg11l0.html#6dfe86c945,
https://www.olx.ro/d/oferta/bmw-seria-1-2-0-diesel-automata-IDfLhLn.html#6dfe86c945,
https://www.olx.ro/d/oferta/ford-focus-euro4-rar-efectuat-IDg11kQ.html#6dfe86c945,
https://www.olx.ro/d/oferta/ford-c-max-2009-2-0d-e4-garantie-rate-avans-0-doar-cu-buletinul-IDfOH4d.html#6dfe86c945,
https://www.olx.ro/d/oferta/mercedes-gle350-4matic-2016-3-0d-e6-garantie-rate-avans-doar-cu-buleti-IDfhdGl.html#6dfe86c945,
https://www.autovit.ro/anunt/volkswagen-tiguan-2-0-tdi-4mot-dsg-ID7GPFTQ.html#xtor=SEC-81,
https://www.olx.ro/d/oferta/trailer-platforma-niewiadow-mars-5m-noua-2022-IDfVbsh.html#6dfe86c945,
https://www.olx.ro/d/oferta/nissan-qashqai-2008-1-5d-e4-garantie-rate-avans-0-doar-cu-buletinul-IDfOHpY.html#6dfe86c945,
https://www.olx.ro/d/oferta/bmw-530-xdrive-gt-IDfUWiX.html#6dfe86c945,
https://www.olx.ro/d/oferta/vand-range-rover-evoque-2-2-diesel-IDfpJJJ.html#6dfe86c945,
https://www.olx.ro/d/oferta/volkswagen-passat-20-diesel-bmp-IDg10Fx.html#6dfe86c945,
https://www.autovit.ro/anunt/skoda-fabia-1-2-tsi-dsg-ID7GY5et.html#xtor=SEC-81,
https://www.olx.ro/d/oferta/ford-transit-germania-rar-euro-6-unic-proprietar-IDfLiH5.html#6dfe86c945,
https://www.olx.ro/d/oferta/nissan-qashqai-2-ID86RCR.html#6dfe86c945,
https://www.olx.ro/d/oferta/scuter-electric-furca-dubla-sigelat-IDfwyBE.html#6dfe86c945,
https://www.olx.ro/d/oferta/predare-leasing-x5-4-0-d-IDfyvwE.html#6dfe86c945,
https://www.olx.ro/d/oferta/vand-volswagen-polo-1-9sdi-IDcxDz9.html#6dfe86c945,
https://www.olx.ro/d/oferta/audi-s3-vr6-turbo-dsg-dq500-quattro-600-hp-IDfVbqj.html#6dfe86c945,
https://www.olx.ro/d/oferta/audi-a4-1-8-turbo-IDd2JaS.html#6dfe86c945,
https://www.olx.ro/d/oferta/subaru-impreza-2-0-diesel-IDfRRMT.html#6dfe86c945,
https://www.autovit.ro/anunt/bentley-continental-new-gt-ID7GVO5M.html#xtor=SEC-81,
https://www.autovit.ro/anunt/nissan-qashqai-1-6-dci-dpf-4x4-ID7GY74P.html#xtor=SEC-81,
https://www.autovit.ro/anunt/tesla-model-x-ID7GYmoL.html#xtor=SEC-81,
https://www.autovit.ro/anunt/volkswagen-tiguan-2-0-tdi-4motion-ID7GYtpf.html#xtor=SEC-81,
https://www.autovit.ro/anunt/volkswagen-passat-variant-2-0-tdi-scr-4motion-dsg-bluem-tech-ID7GYeyY.html#xtor=SEC-81,
https://www.olx.ro/d/oferta/schimb-bmw-e46-cu-bmw-e36-IDg11jf.html#0d88f417bb,
https://www.olx.ro/d/oferta/de-vanzare-fiat-500-negociabil-IDg11je.html#0d88f417bb,
https://www.olx.ro/d/oferta/vand-passat-b6-individual-2010-2-0-tdi-euro-5-dsg-170-cp-distronic-acc-IDfVb2p.html#0d88f417bb,
https://www.olx.ro/d/oferta/vand-vw-passat-2-0-benzina-dsg-2006-model-highline-import-germania-IDfVaPh.html#0d88f417bb,
https://www.olx.ro/d/oferta/golf-r-2019-400-cai-accept-crypto-IDefRwg.html#0d88f417bb,
https://www.autovit.ro/anunt/audi-a3-2-0-tdi-sportback-s-tronic-ID7GYKH9.html#xtor=SEC-81,
https://www.olx.ro/d/oferta/salut-vreau-un-mini-cooper-IDg11j8.html#0d88f417bb,
https://www.olx.ro/d/oferta/mini-cooper-1-6-benzina-full-IDfvyIC.html#0d88f417bb,
https://www.olx.ro/d/oferta/mazda-6-2-0-benzina-2007-IDg11j1.html#0d88f417bb,
https://www.olx.ro/d/oferta/toyota-yaris-2012-euro-5-1-4-diesel-IDg11hq.html#0d88f417bb,
https://www.olx.ro/d/oferta/audi-a5-accept-schimburi-diferenta-IDfqqld.html#0d88f417bb,
https://www.olx.ro/d/oferta/vand-bmw-s1000r-an-2018-IDfN1tz.html#0d88f417bb,
https://www.olx.ro/d/oferta/garantie-2025-skoda-octavia-style-150cp-faruri-matrix-jante-18-IDfTsYr.html#0d88f417bb,
https://www.olx.ro/d/oferta/atv-pentru-copii-electrec-800w-IDg11iv.html#0d88f417bb,
https://www.olx.ro/d/oferta/golf-6gtd2-0tdi170cp-IDg11im.html#0d88f417bb,
https://www.olx.ro/d/oferta/audi-a1-automat-euro-5-full-accept-anumite-schimburi-auto-IDg0t0o.html#0d88f417bb,
https://www.autovit.ro/anunt/adria-xf-ID7GYKHf.html#xtor=SEC-81,
https://www.olx.ro/d/oferta/dezmembrez-bmw-e46-IDg11gB.html#0d88f417bb,
https://www.olx.ro/d/oferta/renault-megane-iii-1-5-dci-IDg11iD.html#0d88f417bb,
https://www.olx.ro/d/oferta/mercedes-benz-ml350-cdi-amg-blue-tec-euro6-airmatic-IDfZL9G.html#0d88f417bb,
https://www.olx.ro/d/oferta/volkswagen-jetta-IDg10XE.html#0d88f417bb,
https://www.olx.ro/d/oferta/mazda-3-2012-1-6-benzina-mpi-euro-5-kintaro-climatronic-IDfS0FP.html#0d88f417bb,
https://www.olx.ro/d/oferta/dacia-logan-1-4-benzina-si-gpl-IDg11iu.html#0d88f417bb,
https://www.olx.ro/d/oferta/volkswagen-golf-6-IDfGYQV.html#0d88f417bb,
https://www.olx.ro/d/oferta/bmw-seria-418i-2016-IDfVbps.html#0d88f417bb,
https://www.autovit.ro/anunt/mercedes-benz-vito-119-cdi-tourer-lang-aut-ID7GXLhg.html#xtor=SEC-81,
https://www.autovit.ro/anunt/volkswagen-passat-2-0-tdi-dsg-ID7GXMS8.html#xtor=SEC-81,
https://www.autovit.ro/anunt/bmw-seria-1-ID7GXKPD.html#xtor=SEC-81,
https://www.autovit.ro/anunt/suzuki-vitara-1-6-4x4-ID7GXJgw.html#xtor=SEC-81,
https://www.autovit.ro/anunt/mini-cooper-d-aut-ID7GXMKY.html#xtor=SEC-81,
https://www.autovit.ro/anunt/bmw-x1-xdrive18d-ID7GXMT7.html#xtor=SEC-81,
https://www.olx.ro/d/oferta/audi-a4-b8-facelift-2-0tfsi-s-line-IDfMEgc.html#0d88f417bb,
https://www.autovit.ro/anunt/volkswagen-golf-1-6-tdi-bluemotion-technology-ID7GYKHc.html#xtor=SEC-81,
https://www.olx.ro/d/oferta/vand-bmw-745i-benzina-IDfVbqW.html#0d88f417bb,
https://www.olx.ro/d/oferta/audi-q5-an-2016-2l-diesel-panoramic-euro-6-IDfu6xD.html#0d88f417bb,
https://www.olx.ro/d/oferta/peugeot-508-hibrid-IDfhkKN.html#0d88f417bb,
https://www.olx.ro/d/oferta/audi-a4-b7-avant-quattro-2-0-tdi-140-cp-an-2007-IDf8RK5.html#0d88f417bb,
https://www.olx.ro/d/oferta/ford-mondeo-2-0tdci-IDfvyZP.html#0d88f417bb,
https://www.olx.ro/d/oferta/vand-transportor-auto-mercedes-euro-5-IDfjhq1.html#0d88f417bb,
https://www.autovit.ro/anunt/volkswagen-golf-1-6-tdi-ID7GNC6L.html#xtor=SEC-81,
https://www.olx.ro/d/oferta/mercedes-benz-ml350-2013-pachet-amg-airmatic-panoramic-7gtronic-IDfYBeZ.html#0d88f417bb;promoted,
https://www.olx.ro/d/oferta/vw-golf-vi-1-4-tsi-160-cp2009dsgalcantaraeuro-5-IDfPCXn.html#0d88f417bb;promoted,
https://www.olx.ro/d/oferta/atv-nou-hercules-motor-honda-in-4-timpi-de-250cmc-IDeF8sA.html#0d88f417bb;promoted,
https://www.olx.ro/d/oferta/skoda-fabia-facelift-an-2012-motor-1-2-tdi-euro-5-navi-climatronic-pil-IDfOSZu.html#0d88f417bb;promoted,
https://www.autovit.ro/anunt/volkswagen-golf-1-6-tdi-bluemotion-technology-ID7GYKHc.html#xtor=SEC-81,
https://www.olx.ro/d/oferta/vand-bmw-745i-benzina-IDfVbqW.html#97c0a3c859,
https://www.olx.ro/d/oferta/audi-q5-an-2016-2l-diesel-panoramic-euro-6-IDfu6xD.html#97c0a3c859,
https://www.olx.ro/d/oferta/peugeot-508-hibrid-IDfhkKN.html#97c0a3c859,
https://www.olx.ro/d/oferta/audi-a4-b7-avant-quattro-2-0-tdi-140-cp-an-2007-IDf8RK5.html#97c0a3c859,
https://www.olx.ro/d/oferta/ford-mondeo-2-0tdci-IDfvyZP.html#97c0a3c859,
https://www.olx.ro/d/oferta/vand-transportor-auto-mercedes-euro-5-IDfjhq1.html#97c0a3c859,
https://www.autovit.ro/anunt/renault-megane-grandtour-energy-dci-110-start-stopp-ID7GYKHd.html#xtor=SEC-81,
https://www.olx.ro/d/oferta/piaggio-mp3-250-l5e-2009-22-5-ps-16-5-kw-IDfZL95.html#97c0a3c859,
https://www.olx.ro/d/oferta/vand-opel-astra-g-IDfUKhj.html#97c0a3c859,
https://www.autovit.ro/anunt/ford-mustang-ID7Gx4ql.html#xtor=SEC-81,
https://www.olx.ro/d/oferta/scuter-electric-furca-dubla-20ah-IDg11hb.html#97c0a3c859,
https://www.olx.ro/d/oferta/vand-renault-laguna-2-1-9-dci-IDfTKPF.html#97c0a3c859,
https://www.autovit.ro/anunt/mercedes-benz-gle-450-4matic-ID7GUZpc.html#xtor=SEC-81,
https://www.autovit.ro/anunt/opel-crossland-1-2-start-stop-ID7GWf2I.html#xtor=SEC-81,
https://www.autovit.ro/anunt/peugeot-5008-1-6-hdi-ID7GVtdS.html#xtor=SEC-81,
https://www.olx.ro/d/oferta/citroen-c5-ll-1-6-hdi-IDfvyfH.html#97c0a3c859,
https://www.olx.ro/d/oferta/volswagen-crafter-2-5-tdi-IDfOgzZ.html#97c0a3c859,
https://www.olx.ro/d/oferta/seat-altea-hatchback-IDg11dK.html#97c0a3c859,
https://www.olx.ro/d/oferta/dacia-sandero-stepway-0-9-tce-IDg11gT.html#97c0a3c859,
https://www.olx.ro/d/oferta/renault-trafic-8-1-locuri-1-9-dci-6-1-trepte-an-2005-clima-a-c-IDfZL4H.html#97c0a3c859,
https://www.olx.ro/d/oferta/volvo-xc60-d5-an-2013-2-4-diesel-215-cp-d5-euro-5-tractiune-4x4-IDfVbqz.html#97c0a3c859,
https://www.olx.ro/d/oferta/opel-astra-h-16-benzina-IDfVbpd.html#97c0a3c859,
https://www.olx.ro/d/oferta/opel-astra-2011-1-6-benzina-116-c-p-145000-km-reali-IDg11gO.html#97c0a3c859,
https://www.olx.ro/d/oferta/jeepgrand-cherokee-IDcSVFV.html#97c0a3c859,
https://www.olx.ro/d/oferta/vand-schimb-bmw-525d-e60-IDfVbpP.html#97c0a3c859,
https://www.olx.ro/d/oferta/toyota-land-cruiser-j120-IDg11gA.html#97c0a3c859,
https://www.olx.ro/d/oferta/mazda-6-cutie-automata-defecta-IDfVbpF.html#97c0a3c859,
https://www.olx.ro/d/oferta/mini-cooper-d2012-1-6-diesel-unic-proprietar-IDfPxWr.html#97c0a3c859,
https://www.olx.ro/d/oferta/atv-350-in-stare-buna-IDdSOFu.html#97c0a3c859,
https://www.olx.ro/d/oferta/skoda-octavia-3-2014-1998cm3-diesel-143cp-full-options-IDfVbmW.html#97c0a3c859,
https://www.olx.ro/d/oferta/hyundai-tucson-4x4-IDg11gr.html#97c0a3c859,
https://www.olx.ro/d/oferta/bmw-e91-318i-143-cai-2009-IDfON1E.html#97c0a3c859,
https://www.olx.ro/d/oferta/drujba-de-taiat-beton-husqvarna-k770-fabricatie-2021-IDfUPCf.html#97c0a3c859,
https://www.olx.ro/d/oferta/citroen-c-5-an-2011-exclusive-IDfUSGS.html#97c0a3c859,
https://www.olx.ro/d/oferta/dacia-logan-1-5-dci-euro-6-2016-IDfI2oO.html#97c0a3c859,
https://www.olx.ro/d/oferta/bmw-520d-e60-facelift-IDg11g1.html#97c0a3c859,
https://www.olx.ro/d/oferta/vand-skoda-octavia-2-vrs-IDg11g0.html#97c0a3c859,
https://www.olx.ro/d/oferta/vind-ford-tranzit2008-IDfNWJG.html#97c0a3c859,
https://www.olx.ro/d/oferta/vw-tiguan-an-2012-facelift-motor-1-4-tsi-6-viteze-climatronic-park-asi-IDfRQGq.html#97c0a3c859;promoted,
https://www.olx.ro/d/oferta/suzuki-vitara-cabrio-IDfQps1.html#97c0a3c859;promoted,
https://www.olx.ro/d/oferta/opel-vectra-facelift-1-6-16v-gpl-consum-redus-inscris-pret-1-300-e-IDfBiFO.html#97c0a3c859;promoted,
https://www.olx.ro/d/oferta/atv-honda-hunter-de-250cc-nou-cu-garantie-IDeDuTY.html#97c0a3c859;promoted,
https://www.olx.ro/d/oferta/yamaha-xj6-diversion-f-IDfOSS3.html#97c0a3c859;promoted,
https://www.autovit.ro/anunt/volvo-xc-90-d5-ID7GVPS7.html#xtor=SEC-81,
https://www.olx.ro/d/oferta/scania-r480-mega-IDfVbmN.html#0547e1617e,
https://www.olx.ro/d/oferta/vand-cross-250-cm-in-stare-perfecta-IDg11fz.html#0547e1617e,
https://www.olx.ro/d/oferta/jaguar-x-type-2-2-automat-IDg11fy.html#0547e1617e,
https://www.olx.ro/d/oferta/vw-passat-b8-r-line-2-0-diesel-dsg-cockpit-panoramic-IDfUUm7.html#0547e1617e,
https://www.olx.ro/d/oferta/vand-sau-schimb-mercedes-benz-c200-w204-avantgarde-IDfPhE9.html#0547e1617e,
https://www.olx.ro/d/oferta/vand-peugeot-206-cc-IDg11ft.html#0547e1617e,
https://www.olx.ro/d/oferta/vand-wv-1995-gtx-IDg11fx.html#0547e1617e,
https://www.autovit.ro/anunt/renault-master-ID7GVZXN.html#xtor=SEC-81,
https://www.olx.ro/d/oferta/offroad-auto-vand-IDfUYIv.html#0547e1617e,
https://www.olx.ro/d/oferta/atv-polaris-sportsman-500-efi-piese-din-dezmembrari-ID9Q1iL.html#0547e1617e,
https://www.olx.ro/d/oferta/scuter-mini-citycoco-800-w-48-v-IDg11eE.html#0547e1617e,
https://www.autovit.ro/anunt/renault-scenic-energy-dci-130-start-stop-ID7GWxNT.html#xtor=SEC-81,
https://www.olx.ro/d/oferta/materiale-transport-deva-iveco-IDg11eT.html#0547e1617e,
https://www.olx.ro/d/oferta/vand-sau-inchiriez-scuter-honda-pantheon-125-4t-glovo-bolt-food-tazz-IDfauFB.html#0547e1617e,
https://www.olx.ro/d/oferta/motor-suzuki-bandit-IDg11eF.html#0547e1617e,
https://www.olx.ro/d/oferta/opel-vivaro-8-1-locuri-IDg10vY.html#0547e1617e,
https://www.olx.ro/d/oferta/renault-megane-3-hatchback-IDg11eB.html#0547e1617e,
https://www.olx.ro/d/oferta/skoda-octavia-2017-km-149-000-IDg11ey.html#0547e1617e,
https://www.olx.ro/d/oferta/scuter-silence-s02-ls-22-IDfV5ho.html#0547e1617e,
https://www.olx.ro/d/oferta/camion-cu-macara-si-rampi-utilaje-scania-IDbP9EG.html#0547e1617e,
https://www.autovit.ro/anunt/dacia-duster-1-5-dci-ID7GYKH8.html#xtor=SEC-81,
https://www.olx.ro/d/oferta/remorca-basculabila-750-kg-2-axe-cu-permis-cat-b-an-2020-IDfVbnq.html#0547e1617e,
https://www.olx.ro/d/oferta/seat-leon-2011-1-4-l-tsi-122-cp-6-1-km-reali-impecabila-variante-IDfE3BX.html#0547e1617e,
https://www.olx.ro/d/oferta/vand-toyota-land-cruiser-an-fabricatie-2007-IDfVbiT.html#0547e1617e,
https://www.autovit.ro/anunt/kawasaki-versys-ID7GYKEV.html#xtor=SEC-81,
https://www.olx.ro/d/oferta/scuter-silence-s01-connected-22-IDfV5dH.html#0547e1617e,
https://www.olx.ro/d/oferta/vw-passat-cc-2010-IDg11dc.html#0547e1617e,
https://www.olx.ro/d/oferta/scuter-silence-s01-plus-22-IDfV5fC.html#0547e1617e,
https://www.olx.ro/d/oferta/scuter-silence-s02-ls-plus-connected-22-IDfV5js.html#0547e1617e,
https://www.olx.ro/d/oferta/vand-alfa-romeo-159-1-9-16v-IDg0LKO.html#0547e1617e,
https://www.olx.ro/d/oferta/scuter-silence-s02-hs-22-IDfV5rb.html#0547e1617e,
https://www.olx.ro/d/oferta/vand-audi-a6-din-2005-IDfDD1Q.html#0547e1617e,
https://www.olx.ro/d/oferta/scuter-electric-pt-adulti-si-copii-2022-IDg11dx.html#0547e1617e,
https://www.olx.ro/d/oferta/vand-bmw-seria-3-e-46-IDg11dW.html#0547e1617e,
https://www.olx.ro/d/oferta/hyundai-tucson-2006-4-x-4-2-0-l-diesel-euro-4-jante-clima-stare-buna-IDfW4zw.html#0547e1617e,
https://www.autovit.ro/anunt/volkswagen-tiguan-2-0-tdi-4motion-dsg-bluemotion-technology-ID7GYH96.html#xtor=SEC-81,
https://www.olx.ro/d/oferta/bmw-x1-2-0-diesel-2014-xdrive-IDfvyU3.html#0547e1617e,
https://www.olx.ro/d/oferta/mercedes-sprinter-316-euro5-carte-service-6-locuri-bena-3-6-IDfVbjx.html#0547e1617e,
https://www.olx.ro/d/oferta/astra-astra-j-2013-IDfyQ8N.html#0547e1617e;promoted,
https://www.autovit.ro/anunt/audi-a4-ID7GYpH5.html#xtor=SEC-81,
https://www.olx.ro/d/oferta/audi-a6-2-0-tdi-177-cp-IDfYBfH.html#0547e1617e;promoted,
https://www.autovit.ro/anunt/volkswagen-passat-variant-2-0-tdi-dsg-ID7GY4vq.html#xtor=SEC-81,
https://www.olx.ro/d/oferta/skoda-fabia-combi-diesel-full-econetic-IDfWP8W.html#0547e1617e;promoted,
https://www.olx.ro/d/oferta/vw-golf-7-variant-1-6tdi-4xmotion-fab-2016-bluemotion-IDfVKYR.html#467db83088,
https://www.olx.ro/d/oferta/dacia-sandero-stepway-dci-2019-IDfVbmm.html#467db83088,
https://www.olx.ro/d/oferta/remorca-750-kg-cu-permis-cat-b-an-2000-IDfVbmK.html#467db83088,
https://www.olx.ro/d/oferta/audi-q7-3-0tdi-quattro-2008-variante-240cp-IDg10sr.html#467db83088,
https://www.olx.ro/d/oferta/bmw-x3-2005-3-0-4x4-extra-full-import-IDfvxHD.html#467db83088,
https://www.olx.ro/d/oferta/opel-vectra-c-din-2003-IDfV9fL.html#467db83088,
https://www.autovit.ro/anunt/bmw-seria-1-ID7GY5e8.html#xtor=SEC-81,
https://www.olx.ro/d/oferta/skoda-fabia-1-2-benzina-2010-IDfZL5P.html#467db83088,
https://www.autovit.ro/anunt/mercedes-benz-e-350-cdi-blueefficiency-ID7GY5e9.html#xtor=SEC-81,
https://www.olx.ro/d/oferta/citroen-c5-10-2008-2-0-hdi-rate-0-avans-automata-navi-clima-jante-IDg11dl.html#467db83088,
https://www.olx.ro/d/oferta/harley-davidson-night-rod-special-IDfviBU.html#467db83088,
https://www.olx.ro/d/oferta/vand-ford-focus-2-IDfWucO.html#467db83088,
https://www.olx.ro/d/oferta/renault-megane-1-5-dci-euro-5-2011-IDfMPOt.html#467db83088,
https://www.olx.ro/d/oferta/ecu-calculatorvw-touareg-3-2v6-022-906-032-be-0261-207-565-7-1-1-06-IDg11d0.html#467db83088,
https://www.olx.ro/d/oferta/seat-leon-1p-1-4-tsi-an-2009-150-cp-260-nm-alb-IDg119S.html#467db83088,
https://www.olx.ro/d/oferta/vw-golf-1-6-tdi-euro-5-IDfVbiX.html#467db83088,
https://www.olx.ro/d/oferta/jaguar-x-type-2-0-tdi-fab2004-131cp-euro4-IDg0t11.html#467db83088,
https://www.olx.ro/d/oferta/dezmembrez-scuter-malaguti-250cm-2001-pentru-piese-scuter-4t-2008-IDg11cT.html#467db83088,
https://www.olx.ro/d/oferta/scuter-citycoco-big-wheel-pentru-adulti-IDg11cP.html#467db83088,
https://www.olx.ro/d/oferta/mercedes-sprinter-2002-basculabil-IDg11cM.html#467db83088,
https://www.autovit.ro/anunt/mazda-3-ID7GXVdq.html#xtor=SEC-81,
https://www.olx.ro/d/oferta/porsche-cayenne-s-3-2-IDewEPy.html#467db83088,
https://www.olx.ro/d/oferta/atv-raptor-125cc-copii-si-adulti-benzina-roti-8-inch-modele-noi-IDflrSx.html#467db83088,
https://www.autovit.ro/anunt/dacia-duster-1-5-dci-ID7GX6bo.html#xtor=SEC-81,
https://www.olx.ro/d/oferta/alfa-romeo-giulietta-1-6-diesel-euro-5-2012-navigatie-piele-led-IDfPTAX.html#467db83088,
https://www.olx.ro/d/oferta/ful-option-posibilitate-rate-avans-0-IDfVbkK.html#467db83088,
https://www.olx.ro/d/oferta/renault-megane-1-5-diesel-IDfVbkw.html#467db83088,
https://www.olx.ro/d/oferta/seat-toledo-1-9-tdi-2002-IDg11cx.html#467db83088,
https://www.olx.ro/d/oferta/vand-opel-vectra-c-break-IDg11ct.html#467db83088,
https://www.olx.ro/d/oferta/peugeot-206-sw-break-2004-5-usi-combi-1-4-benzina-manuala-IDf0aaa.html#467db83088,
https://www.olx.ro/d/oferta/audi-a-6-s-line-2-0-tdi-IDfuemu.html#467db83088,
https://www.autovit.ro/anunt/kia-ceed-ID7GWsMf.html#xtor=SEC-81,
https://www.olx.ro/d/oferta/vand-mercedes-c220-IDg10nK.html#467db83088,
https://www.olx.ro/d/oferta/golf-6-benzina-1-4-tsi-2009-euro-5-IDg11cl.html#467db83088,
https://www.olx.ro/d/oferta/volvo-460-eev-eoro-5-standard-an-fabricatie-2013-IDg119q.html#467db83088,
https://www.olx.ro/d/oferta/volkswagen-tiguan-2-0tdi-IDg0Vmk.html#467db83088,
https://www.olx.ro/d/oferta/dacia-duster-2013-1-6benzina-4x4-navi-piele-senzori-parcare-led-IDfPGei.html#467db83088,
https://www.autovit.ro/anunt/mercedes-benz-glc-coupe-250-d-4matic-ID7GX4Ti.html#xtor=SEC-81,
https://www.olx.ro/d/oferta/vand-yamaha-raptor-660-IDfNPF2.html#467db83088,
https://www.autovit.ro/anunt/volkswagen-passat-cc-2-0-tdi-dsg-ID7GYqkV.html#xtor=SEC-81,
https://www.autovit.ro/anunt/volkswagen-golf-plus-ID7GUaFL.html#xtor=SEC-81,
https://www.autovit.ro/anunt/volkswagen-passat-variant-1-6-tdi-bluemotion-technology-ID7GYgFh.html#xtor=SEC-81,
https://www.olx.ro/d/oferta/vw-touareg-2-5-d-euro-4-IDfVsvV.html#467db83088;promoted,
https://www.olx.ro/d/oferta/mercedes-benz-atego-815-din-2002-IDbCYVk.html#467db83088;promoted,
https://www.olx.ro/d/oferta/seat-exeo-audi-a4-IDfVbih.html#b577317d95,
https://www.olx.ro/d/oferta/rate-audi-a6-2-0-tdi-140-cp-2006-euro-4-bi-xenon-led-garantie-IDfVbjV.html#b577317d95,
https://www.olx.ro/d/oferta/range-rover-vogue-3-0-full-accept-unele-schimburi-IDfOH2G.html#b577317d95,
https://www.olx.ro/d/oferta/vand-mercedes-viano-IDf25Ze.html#b577317d95,
https://www.autovit.ro/anunt/volkswagen-golf-plus-1-9-tdi-ID7GXxXv.html#xtor=SEC-81,
https://www.olx.ro/d/oferta/hyundai-ioniq-1-6-hybrid-2018-141cp-IDfXoGv.html#b577317d95,
https://www.olx.ro/d/oferta/vw-tiguan-an-fab-2010-euro-5-motor-2-0-tdi-km-217000-reali-IDg11bH.html#b577317d95,
https://www.olx.ro/d/oferta/mercedes-benz-ml230-IDg11bI.html#b577317d95,
https://www.olx.ro/d/oferta/passat-b7-2012-IDfUW3h.html#b577317d95,
https://www.olx.ro/d/oferta/bmw-x3-2-0d-x-drive-4x4-160-mii-de-km-real-m-packet-2013-full-IDfZL3Z.html#b577317d95,
https://www.autovit.ro/anunt/mercedes-benz-ml-350-bluetec-4matic-ID7GN6ab.html#xtor=SEC-81,
https://www.olx.ro/d/oferta/mitsubishi-pajero-pinin-IDg11by.html#b577317d95,
https://www.olx.ro/d/oferta/vand-dacia-sandero-an-fabricatie-2008-IDfZL3V.html#b577317d95,
https://www.autovit.ro/anunt/audi-q5-2-0-tdi-quattro-ID7GYKH2.html#xtor=SEC-81,
https://www.olx.ro/d/oferta/mercedes-benz-sprinter-316-6-ewp-IDg11bs.html#b577317d95,
https://www.olx.ro/d/oferta/bmw-x6-an-2016-3-0xd-m-pachet-IDg0t0q.html#b577317d95,
https://www.olx.ro/d/oferta/passat-b7-2014-model-r-line-original-interior-si-exterior-2-0-tdi-dsg-IDfVbgy.html#b577317d95,
https://www.olx.ro/d/oferta/vand-peugeot-206-IDg10ZC.html#b577317d95,
https://www.olx.ro/d/oferta/semiremorca-schmitz-basculabila-IDfWtdU.html#b577317d95,
https://www.olx.ro/d/oferta/nissan-juke-an-2013-1-5-diesel-110cp-euro-5-IDfVbj8.html#b577317d95,
https://www.olx.ro/d/oferta/opel-vectra-c-2003-IDg119t.html#b577317d95,
https://www.olx.ro/d/oferta/toyota-c-hr-hibrid-2018-IDfVbd5.html#b577317d95,
https://www.autovit.ro/anunt/renault-grand-scenic-dci-160-ID7GYu6O.html#xtor=SEC-81,
https://www.olx.ro/d/oferta/autoplatforma-2021-iveco-daily-3-0-punte-simpla-garantie-fara-limita-IDfVbiL.html#b577317d95,
https://www.olx.ro/d/oferta/bmw-seria-3-e91-2007-IDfVbgE.html#b577317d95,
https://www.olx.ro/d/oferta/vand-opel-vectra-gsi-2-0-16v-de-fabrica-interior-recaro-pret-fixxxx-IDfVb72.html#b577317d95,
https://www.olx.ro/d/oferta/bmw-320d-16v-turbo-163-cp-IDfV3Lk.html#b577317d95,
https://www.olx.ro/d/oferta/mercedes-s350d-4matic-full-accept-unele-schimburi-IDfVbhQ.html#b577317d95,
https://www.olx.ro/d/oferta/mercedes-a150-automat-IDfVbhv.html#b577317d95,
https://www.olx.ro/d/oferta/perdelute-ford-fiesta-2009-2022-IDg11aZ.html#b577317d95,
https://www.olx.ro/d/oferta/skoda-octavia-2-facelift-IDg0WE5.html#b577317d95,
https://www.olx.ro/d/oferta/audi-a5-s-line-sportback-2-0-tdi-s-tronic-IDg11aU.html#b577317d95,
https://www.olx.ro/d/oferta/autoplatforma-fiat-ducato-IDg10kX.html#b577317d95,
https://www.olx.ro/d/oferta/de-vanzare-bmw-r1100rt-IDg11aO.html#b577317d95,
https://www.olx.ro/d/oferta/bmw-seria-1-116-d-IDfNolq.html#b577317d95,
https://www.olx.ro/d/oferta/volkswagen-golf-6-vi-2-0-diesel-2011-euro-5-panoramic-highline-alb-IDfTGCQ.html#b577317d95,
https://www.olx.ro/d/oferta/audi-q5-2-0-diesel-quattro-170cp-237-000-manual-IDg119O.html#b577317d95,
https://www.olx.ro/d/oferta/renault-megan-1-9-IDg11a4.html#b577317d95,
https://www.autovit.ro/anunt/mercedes-benz-gle-350-d-ID7GYKC5.html#xtor=SEC-81,
https://www.autovit.ro/anunt/mercedes-benz-cls-ID7GVjNn.html#xtor=SEC-81,
https://www.olx.ro/d/oferta/camion-cu-macara-IDfZh1c.html#b577317d95;promoted,
https://www.autovit.ro/anunt/skoda-superb-ID7GXwPD.html#xtor=SEC-81,
https://www.olx.ro/d/oferta/yamaha-yzf-r125-a1-IDfQCcB.html#b577317d95;promoted,
https://www.olx.ro/d/oferta/skoda-superb-automata-2017-km-reali-pret-fix-IDfJicV.html#b577317d95;promoted,
https://www.autovit.ro/anunt/mercedes-benz-gle-350-d-ID7GYKC5.html#xtor=SEC-81,
https://www.olx.ro/d/oferta/mercedes-benz-sprinter-315-cdi-IDfN3WV.html#a1d6eef4ed,
https://www.olx.ro/d/oferta/land-rover-freelander-td4-facelift-2006-IDg119Q.html#a1d6eef4ed,
https://www.olx.ro/d/oferta/food-truck-mercedes-sprinter-cutie-semiautomatica-IDflIPU.html#a1d6eef4ed,
https://www.autovit.ro/anunt/toyota-c-hr-2-0-hybrid-ID7GXGr2.html#xtor=SEC-81,
https://www.olx.ro/d/oferta/vand-schimb-bmw-m-740ld-x-drive-m-din-fabrica-320cp-garantie-2023-full-IDfGfTg.html#a1d6eef4ed,
https://www.autovit.ro/anunt/volkswagen-passat-cc-2-0-blue-tdi-ID7GYKGY.html#xtor=SEC-81,
https://www.olx.ro/d/oferta/mercedes-b200-cdi-IDg119d.html#a1d6eef4ed,
https://www.olx.ro/d/oferta/peugeot-5008-2019-7-locuri-full-led-IDfH9Ar.html#a1d6eef4ed,
https://www.olx.ro/d/oferta/renault-megane-scenic-10-2011-1-6-dci-rate-0-avans-7-locuri-euro5-IDg119s.html#a1d6eef4ed,
https://www.olx.ro/d/oferta/mercedes-benz-c-class-un-singur-proprietar-automat-IDfXoEU.html#a1d6eef4ed,
https://www.olx.ro/d/oferta/vand-bmw-730d-f01-2010-IDfMun7.html#a1d6eef4ed,
https://www.olx.ro/d/oferta/vand-kia-cerato-1-5-crdi-2006-IDg119k.html#a1d6eef4ed,
https://www.olx.ro/d/oferta/volkswagen-sharan-IDg119l.html#a1d6eef4ed,
https://www.autovit.ro/anunt/opel-meriva-1-6i-ID7GWQ8M.html#xtor=SEC-81,
https://www.olx.ro/d/oferta/mazda-6-an-2007-facelift-2-0-diesel-euro-4-posibilitate-rate-garantie-IDg118W.html#a1d6eef4ed,
https://www.autovit.ro/anunt/bmw-seria-2-218d-active-tourer-ID7GX8YA.html#xtor=SEC-81,
https://www.autovit.ro/anunt/volkswagen-crafter-crew-van-5-1-locuri-ID7GYovQ.html#xtor=SEC-81,
https://www.olx.ro/d/oferta/golf-5-gti-stage-2-IDg1192.html#a1d6eef4ed,
https://www.olx.ro/d/oferta/vw-tiguan-4-motion-2-0-tdi-2012-euro-5-160000-km-100-reali-IDg118M.html#a1d6eef4ed,
https://www.autovit.ro/anunt/scania-p380-ID7GTDyv.html#xtor=SEC-81,
https://www.olx.ro/d/oferta/mercedes-benz-c-avantgarde-IDfOsTn.html#a1d6eef4ed,
https://www.olx.ro/d/oferta/vw-golf-7-cup-edition-IDf4hoQ.html#a1d6eef4ed,
https://www.olx.ro/d/oferta/renault-grand-scenic-2-0dci-IDfumFv.html#a1d6eef4ed,
https://www.olx.ro/d/oferta/audi-a6-3-0-disel-IDfOieU.html#a1d6eef4ed,
https://www.autovit.ro/anunt/dacia-duster-1-2-tce-4x2-ID7GYKGV.html#xtor=SEC-81,
https://www.olx.ro/d/oferta/audi-a3-tron-1-4-hibrid-IDfVbg1.html#a1d6eef4ed,
https://www.olx.ro/d/oferta/renault-megane-1-5-dci-2013-xenon-bose-IDfVbfk.html#a1d6eef4ed,
https://www.autovit.ro/anunt/ford-focus-1-5-tdci-ID7GTlMs.html#xtor=SEC-81,
https://www.olx.ro/d/oferta/automata-7-locuri-ful-option-posibilitate-rate-avans-0-IDfVbf1.html#a1d6eef4ed,
https://www.olx.ro/d/oferta/audi-q7-s-line-3-0-tdi-2008-IDg0hCS.html#a1d6eef4ed,
https://www.olx.ro/d/oferta/suzuki-vitara-offroad-IDflrFz.html#a1d6eef4ed,
https://www.olx.ro/d/oferta/vw-passat-variant-2008-IDfVKSu.html#a1d6eef4ed,
https://www.olx.ro/d/oferta/golf-7-2015-2-0-tdi-150cp-euro-6-IDfS8J0.html#a1d6eef4ed,
https://www.olx.ro/d/oferta/renault-grand-scenic-1-5-diesel-7-locuri-navigatie-rate-credit-IDg0sYu.html#a1d6eef4ed,
https://www.olx.ro/d/oferta/bmw-e39-525d-army-green-IDfqvz8.html#a1d6eef4ed,
https://www.olx.ro/d/oferta/opel-astra-g-1-6-8v-IDg118e.html#a1d6eef4ed,
https://www.olx.ro/d/oferta/daf-xf-460-cp-2014-IDfTCvb.html#a1d6eef4ed,
https://www.olx.ro/d/oferta/opel-astra-h-inmatriculat-cu-gpl-IDg1183.html#a1d6eef4ed,
https://www.autovit.ro/anunt/volkswagen-touareg-3-0-v6-tdi-ID7GYtYp.html#xtor=SEC-81,
https://www.autovit.ro/anunt/iveco-daily-cu-lift-ID7GuNne.html#xtor=SEC-81,
https://www.olx.ro/d/oferta/bmw-x5-primul-proprietar-121500km-IDfXAGC.html#a1d6eef4ed;promoted,
https://www.olx.ro/d/oferta/rulota-comerciala-fast-food-food-track-2022-pe-comanda-si-stoc-IDffzoN.html#a1d6eef4ed;promoted,
https://www.olx.ro/d/oferta/opel-astra-j-an-2011-motor-1-6-benzina-clasic-115-cp-euro-5-import-rec-IDfUXWf.html#a1d6eef4ed;promoted,
https://www.olx.ro/d/oferta/vw-passat-variant-2008-IDfVKSu.html#8420d6ba3b,
https://www.olx.ro/d/oferta/golf-7-2015-2-0-tdi-150cp-euro-6-IDfS8J0.html#8420d6ba3b,
https://www.olx.ro/d/oferta/renault-grand-scenic-1-5-diesel-7-locuri-navigatie-rate-credit-IDg0sYu.html#8420d6ba3b,
https://www.olx.ro/d/oferta/bmw-e39-525d-army-green-IDfqvz8.html#8420d6ba3b,
https://www.olx.ro/d/oferta/opel-astra-g-1-6-8v-IDg118e.html#8420d6ba3b,
https://www.olx.ro/d/oferta/daf-xf-460-cp-2014-IDfTCvb.html#8420d6ba3b,
https://www.olx.ro/d/oferta/opel-astra-h-inmatriculat-cu-gpl-IDg1183.html#8420d6ba3b,
https://www.olx.ro/d/oferta/mercedes-vito-2-2-IDg1182.html#8420d6ba3b,
https://www.olx.ro/d/oferta/vw-touareg-3-0-240cp-pano-navi-portbagaj-electric-memoriis-keyless-x-IDfP5PY.html#8420d6ba3b,
https://www.autovit.ro/anunt/toyota-avensis-combi-2-0-d-4d-ID7GY4aQ.html#xtor=SEC-81,
https://www.olx.ro/d/oferta/vand-opel-vectra-c-IDfW4BC.html#8420d6ba3b,
https://www.autovit.ro/anunt/renault-megane-1-5-dci-ID7GY4b5.html#xtor=SEC-81,
https://www.olx.ro/d/oferta/skoda-superb-elegance-tsi-dsg-1-8-litri-din-2011-IDg117O.html#8420d6ba3b,
https://www.olx.ro/d/oferta/actros-mp-4-2014-IDfXzJ8.html#8420d6ba3b,
https://www.olx.ro/d/oferta/mercedes-b-class-automat-IDfVDst.html#8420d6ba3b,
https://www.olx.ro/d/oferta/vand-passat-b5-1-9-tdi-116-cp-6-1-trepte-full-IDfCRbp.html#8420d6ba3b,
https://www.olx.ro/d/oferta/vand-renault-grand-scenic-3-1-5-dci-110-cp-euro5-2012-IDg117K.html#8420d6ba3b,
https://www.olx.ro/d/oferta/bmw-seria-1-f20-sport-edition-coupe-IDg117u.html#8420d6ba3b,
https://www.olx.ro/d/oferta/vand-golf-5-1-6fsi-IDg117p.html#8420d6ba3b,
https://www.autovit.ro/anunt/renault-latitude-2-0-dci-ID7GYKGQ.html#xtor=SEC-81,
https://www.olx.ro/d/oferta/vanzare-fiat-punto-urgent-pentru-programul-rabla-2022-IDfUUDp.html#8420d6ba3b,
https://www.olx.ro/d/oferta/mercedes-b-class-automat-IDfVKUS.html#8420d6ba3b,
https://www.olx.ro/d/oferta/vw-phaeton-3-0-tdi-4motion-face-lift-an-2010-long-fulll-extra-ca-nou-IDfVb9z.html#8420d6ba3b,
https://www.olx.ro/d/oferta/bmw-seria-3-model-f30-IDg117j.html#8420d6ba3b,
https://www.olx.ro/d/oferta/volkswagen-sharan-1-9tdi-2008-schimb-cu-multivan-IDfVbdS.html#8420d6ba3b,
https://www.olx.ro/d/oferta/mazda-cx5-2017-2-2-diesel-44-euro-6-IDfYC7B.html#8420d6ba3b,
https://www.olx.ro/d/oferta/jaguar-xj-premium-3-0d-full-accept-anumite-schimburi-auto-IDfWwQS.html#8420d6ba3b,
https://www.olx.ro/d/oferta/audi-a3-coupe-1-9-tdi-IDfNB13.html#8420d6ba3b,
https://www.olx.ro/d/oferta/audi-a8-exclusive-4-2-d-351-cp-2011-e5-quattro-full-led-dotarii-top-IDg0mmF.html#8420d6ba3b,
https://www.autovit.ro/anunt/audi-a4-2-7-tdi-ID7GY5dn.html#xtor=SEC-81,
https://www.olx.ro/d/oferta/ford-fiesta-1-3-diesel-an-2007-IDfOIOS.html#8420d6ba3b,
https://www.olx.ro/d/oferta/vand-autoturism-mazda-6-IDft8mC.html#8420d6ba3b,
https://www.olx.ro/d/oferta/oferta-ktm-390-adventure-2022-ktm-1290-ktm-duke-390-ktm-690-IDf2ljE.html#8420d6ba3b,
https://www.olx.ro/d/oferta/alfa-romeo-giulietta-2011-IDfUW85.html#8420d6ba3b,
https://www.olx.ro/d/oferta/audi-a3-2-0-140-cp-IDfXoO5.html#8420d6ba3b,
https://www.autovit.ro/anunt/toyota-verso-s-1-33-vvt-i-multidrive-s-ID7GXPLY.html#xtor=SEC-81,
https://www.olx.ro/d/oferta/vand-volkswagen-golf-4-alh-IDg116l.html#8420d6ba3b,
https://www.olx.ro/d/oferta/de-vanzare-golf-v-IDfozG2.html#8420d6ba3b,
https://www.olx.ro/d/oferta/mazda-6-diesel-km-reali-euro-5-IDfKLmo.html#8420d6ba3b,
https://www.olx.ro/d/oferta/volkswagen-passat-2008-IDfZKjf.html#8420d6ba3b;promoted,
https://www.autovit.ro/anunt/nissan-qashqai-1-5-dci-dpf-ID7GYjHh.html#xtor=SEC-81,
https://www.olx.ro/d/oferta/nissan-patrol-y61-3-0-IDfI0m5.html#8420d6ba3b;promoted,
https://www.olx.ro/d/oferta/ford-fiesta-facelift-1-3-benzina-2006-euro4-IDfi2IN.html#8420d6ba3b;promoted,
https://www.olx.ro/d/oferta/audi-a4-2-0-tdi-2007-IDfWaN0.html#8420d6ba3b;promoted,
https://www.autovit.ro/anunt/audi-q5-2-0-tdi-ID7GCZAB.html#xtor=SEC-81,
https://www.olx.ro/d/oferta/range-rover-sport-autobiography-IDg114w.html#2eb1369468,
https://www.olx.ro/d/oferta/nissan-juke-2014-1-5-dci-110-cp-IDfQuwa.html#2eb1369468,
https://www.olx.ro/d/oferta/bmw-x5-x-drive-m-pachet-3-0-245-cp-euro-5-an-2012-IDg0sVj.html#2eb1369468,
https://www.olx.ro/d/oferta/land-rover-range-rover-evoque-land-mark-edition-4wd-40200km-IDfYqDm.html#2eb1369468,
https://www.olx.ro/d/oferta/volkswagen-golf-vi-2-0-tdi-140cp-comfortline-IDfVbcd.html#2eb1369468,
https://www.olx.ro/d/oferta/bmw-f20-benzina-IDeZkBD.html#2eb1369468,
https://www.autovit.ro/anunt/volkswagen-golf-plus-1-4-tsi-ID7GWW8b.html#xtor=SEC-81,
https://www.olx.ro/d/oferta/bmw-seria-5-euro-6-facelift-limited-edition-IDfVb0h.html#2eb1369468,
https://www.olx.ro/d/oferta/renault-scenic-fabricatie-2010-motor-1500-IDfVbbx.html#2eb1369468,
https://www.olx.ro/d/oferta/audi-q3-motor-2-0-diesel-2013-quattro-127000-km-bixenon-IDfWVH2.html#2eb1369468,
https://www.olx.ro/d/oferta/vand-schimb-volkswagen-passat-highline-b6bmp-peiele-alcantara-mahon-IDfmqJ2.html#2eb1369468,
https://www.autovit.ro/anunt/mitsubishi-pajero-metal-top-2-5-ID7GUBti.html#xtor=SEC-81,
https://www.autovit.ro/anunt/audi-a4-avant-1-8-tfsi-ID7GVsZf.html#xtor=SEC-81,
https://www.olx.ro/d/oferta/mercedes-sprinter-2010-06-istoric-reprezentanta-IDf6PsZ.html#2eb1369468,
https://www.olx.ro/d/oferta/iveco-daily-65c14-motor-3-0-3-75-35-c17-c18-c15-c-IDg115H.html#2eb1369468,
https://www.olx.ro/d/oferta/vw-golf-5-2004-1-9tdi-90cp-IDg115D.html#2eb1369468,
https://www.olx.ro/d/oferta/vand-volkswagen-passat-b6-IDg115F.html#2eb1369468,
https://www.olx.ro/d/oferta/vand-skoda-yeti-2-0-tdi-IDfMWms.html#2eb1369468,
https://www.olx.ro/d/oferta/dacia-logan-1-2-euro-5-2012-aer-conditionat-IDg115q.html#2eb1369468,
https://www.olx.ro/d/oferta/opel-insignia-1-8-benzina-gpl-IDg115r.html#2eb1369468,
https://www.autovit.ro/anunt/ford-transit-ID7GzYpX.html#xtor=SEC-81,
https://www.olx.ro/d/oferta/atv-model-kxd-125-cm-IDfNO5K.html#2eb1369468,
https://www.olx.ro/d/oferta/bmw-seria-1-12-2010-2-0-benzina-rate-0-avans-clima-jante-facelift-IDg115j.html#2eb1369468,
https://www.autovit.ro/anunt/subaru-forester-2-0d-ID7GYKGN.html#xtor=SEC-81,
https://www.autovit.ro/anunt/nissan-qashqai-1-5-dci-dpf-ID7GXxXk.html#xtor=SEC-81,
https://www.autovit.ro/anunt/bmw-seria-1-ID7GPhjK.html#xtor=SEC-81,
https://www.olx.ro/d/oferta/bmw-x5-e53-3-0i-gpl-automat-model-america-stare-impecabila-IDg1157.html#2eb1369468,
https://www.olx.ro/d/oferta/bmw-535d-e60-IDg1150.html#2eb1369468,
https://www.autovit.ro/anunt/mazda-6-ID7GYKGM.html#xtor=SEC-81,
https://www.olx.ro/d/oferta/vw-golf-mk6-2010-euro-5-IDfNNvq.html#2eb1369468,
https://www.olx.ro/d/oferta/opel-antara-2015-IDg114Q.html#2eb1369468,
https://www.olx.ro/d/oferta/bmw-730-d-automat-IDfPczO.html#2eb1369468,
https://www.olx.ro/d/oferta/dacia-duster-4x4-1-5dci-IDfWwNc.html#2eb1369468,
https://www.olx.ro/d/oferta/vand-bmw-e46-s-au-skimb-IDf5u15.html#2eb1369468,
https://www.olx.ro/d/oferta/vand-mitsubishi-l200-IDg114s.html#2eb1369468,
https://www.olx.ro/d/oferta/vand-raba-in-stare-perfecta-de-functionare-IDg114p.html#2eb1369468,
https://www.olx.ro/d/oferta/vand-opel-astra-j-IDfSs6D.html#2eb1369468,
https://www.autovit.ro/anunt/bmw-m6-gran-coupe-ID7GYqQj.html#xtor=SEC-81,
https://www.olx.ro/d/oferta/skoda-octavia-combi-style-1-4-tsi-150-cp-manuala-2017-cu-webasto-IDfQYWq.html#2eb1369468;promoted,
https://www.olx.ro/d/oferta/motocicleta-yamaha-fz-6-n-IDfbReP.html#2eb1369468;promoted,
https://www.olx.ro/d/oferta/bmw-x6-286-cp-full-IDfQf7p.html#2eb1369468;promoted,
https://www.olx.ro/d/oferta/vw-jetta-1-9tdi-2008-IDfOFOS.html#2eb1369468;promoted,
https://www.olx.ro/d/oferta/rulota-comerciala-fast-food-food-track-2022-pe-comanda-si-stoc-IDffzoN.html#2eb1369468;promoted,
https://www.autovit.ro/anunt/porsche-cayenne-coupe-ID7GFHHC.html#xtor=SEC-81,
https://www.autovit.ro/anunt/seat-ibiza-1-4-ID7GXIoO.html#xtor=SEC-81,
https://www.autovit.ro/anunt/mercedes-benz-gle-ID7GYil6.html#xtor=SEC-81,
https://www.olx.ro/d/oferta/skoda-rapid-2016-1-4-diesel-90cp-euro-6-131-000-km-IDfVbak.html#76fe965021,
https://www.olx.ro/d/oferta/volkswagen-vw-touareg-7p-2012-IDfUPiz.html#76fe965021,
https://www.olx.ro/d/oferta/volkswagen-passat-2-0-diesel-euro5-automat-euro6-xenon-IDg113u.html#76fe965021,
https://www.autovit.ro/anunt/ford-kuga-2-0-tdci-powershift-4wd-ID7GYIat.html#xtor=SEC-81,
https://www.autovit.ro/anunt/bmw-seria-3-320d-ID7GYKGC.html#xtor=SEC-81,
https://www.autovit.ro/anunt/mercedes-benz-s-400-d-4matic-l-9g-tronic-ID7GIQlI.html#xtor=SEC-81,
https://www.olx.ro/d/oferta/seat-ibiza-rosu-gpl-navigatie-IDg113H.html#76fe965021,
https://www.autovit.ro/anunt/citron-c5-1-6hdi-fap-susp-m-ID7GWIaK.html#xtor=SEC-81,
https://www.olx.ro/d/oferta/vand-hiunday-i10-IDg113m.html#76fe965021,
https://www.olx.ro/d/oferta/renault-kangoo-1-6-benzina-clima-rate-credit-IDg0sWk.html#76fe965021,
https://www.olx.ro/d/oferta/de-vanzare-autoutilitara-iveco-IDg113r.html#76fe965021,
https://www.olx.ro/d/oferta/wolkswagen-polo-1-4-IDg113t.html#76fe965021,
https://www.olx.ro/d/oferta/ford-8europal-duba-unic-propietar-istoric-ford-km-reali-IDf8sA1.html#76fe965021,
https://www.autovit.ro/anunt/peugeot-508-sw-bluehdi-fap-150-stop-start-ID7GYKGK.html#xtor=SEC-81,
https://www.olx.ro/d/oferta/vw-tiguan-highline-2014-2-0-tdi-140-dsg-alcantara-km-reali-top-IDfXbRh.html#76fe965021,
https://www.olx.ro/d/oferta/renault-laguna-iii-2-0dci-130cpsistem-4-control-IDg113l.html#76fe965021,
https://www.olx.ro/d/oferta/dacia-dokker-1-5dci-90cp-IDg112B.html#76fe965021,
https://www.olx.ro/d/oferta/volkswagen-touareg-3-0tdi-schimb-variante-IDfY8ys.html#76fe965021,
https://www.olx.ro/d/oferta/bmw-serie-3-facelift-berlina-2003-pachet-m-m-technik-fiscal-IDfOJX9.html#76fe965021,
https://www.olx.ro/d/oferta/vand-ford-c-max-automatic-2011-euro-5-IDfXUlq.html#76fe965021,
https://www.olx.ro/d/oferta/inchiriez-autorulota-IDf77bS.html#76fe965021,
https://www.olx.ro/d/oferta/atv4x4-hytrak-exclusiv-710-cc-editie-limitata-2015-IDfovI2.html#76fe965021,
https://www.olx.ro/d/oferta/hyundai-getz-2009-1-5-diesel-aer-conditionat-75-000-km-reali-IDfXoB0.html#76fe965021,
https://www.autovit.ro/anunt/mini-countryman-ID7GWpwP.html#xtor=SEC-81,
https://www.autovit.ro/anunt/volkswagen-up-1-0-ID7GY5dq.html#xtor=SEC-81,
https://www.olx.ro/d/oferta/citroen-jumper-maxi-IDfRCfX.html#76fe965021,
https://www.autovit.ro/anunt/bmw-x1-ID7GWltJ.html#xtor=SEC-81,
https://www.olx.ro/d/oferta/bmw-seria-1-118i-IDfVb8X.html#76fe965021,
https://www.autovit.ro/anunt/bmw-x3-xdrive20d-aut-ID7GX795.html#xtor=SEC-81,
https://www.olx.ro/d/oferta/volkswagen-jetta-2006-diesel-automat-dsg-navi-piele-mahon-deosebit-IDfVb9f.html#76fe965021,
https://www.autovit.ro/anunt/ford-c-max-grand-1-6-tdci-dpf-ID7GYKcE.html#xtor=SEC-81,
https://www.autovit.ro/anunt/mazda-2-1-3i-ID7GYKGH.html#xtor=SEC-81,
https://www.olx.ro/d/oferta/volkswagen-passat-cc-IDfZKKy.html#76fe965021,
https://www.olx.ro/d/oferta/vw-golf-6-highline-roti-18-1-4-tsi-122-c-p-IDg112G.html#76fe965021,
https://www.olx.ro/d/oferta/licenta-taxi-dacia-logan-2018-IDfETSp.html#76fe965021,
https://www.autovit.ro/anunt/volvo-xc-60-ID7GSmh4.html#xtor=SEC-81,
https://www.olx.ro/d/oferta/ford-f-150-raptor-IDfXxwY.html#76fe965021;promoted,
https://www.olx.ro/d/oferta/golf-5-gti-dsg-200cp-IDfR10i.html#76fe965021;promoted,
https://www.olx.ro/d/oferta/seat-exeo-1-8-tsi-163-cp-05-2013-facelift-IDfQMPM.html#76fe965021;promoted,
https://www.autovit.ro/anunt/audi-q5-2-0-tdi-quattro-ID7GXcHj.html#xtor=SEC-81,
https://www.olx.ro/d/oferta/audi-q3-2-0-tfsi-quattro-posibilitate-rate-an-2013-IDfDQzo.html#76fe965021;promoted,
https://www.olx.ro/d/oferta/mercedes-benz-e-220-t-cdi-avantgarde-amg-styling-navi-led-IDfG7Lp.html#c628f1009f,
https://www.olx.ro/d/oferta/audi-a6-germania-impecabil-IDfM5w9.html#c628f1009f,
https://www.olx.ro/d/oferta/m-g-mahindra-bolero-IDg112x.html#c628f1009f,
https://www.olx.ro/d/oferta/volkswagen-tiguan-2-0-tdi-4motion-4x4-automat-navi-panoramic-IDfVb8R.html#c628f1009f,
https://www.olx.ro/d/oferta/skoda-octavia-2-facelift-euro5-xenon-IDfVb86.html#c628f1009f,
https://www.olx.ro/d/oferta/toyota-corrola-sport-touring-hybrid-IDfVaZV.html#c628f1009f,
https://www.olx.ro/d/oferta/bmw-x5-an-2006-3-0d-218-cp-cutie-automata-euro4-315000-km-IDg112i.html#c628f1009f,
https://www.olx.ro/d/oferta/ford-focus-ghia-1-6-IDg1125.html#c628f1009f,
https://www.olx.ro/d/oferta/audi-a8-4h-d4-3-0-tdi-2012-cu-135000km-IDfUDET.html#c628f1009f,
https://www.olx.ro/d/oferta/rate-opel-astra-j-1-7-cdti-110-cp-02-2012-euro-5-garantie-IDfVb8A.html#c628f1009f,
https://www.autovit.ro/anunt/fiat-tipo-1-6-multijet-ID7GY5dv.html#xtor=SEC-81,
https://www.olx.ro/d/oferta/dacia-logan-facelift-1-4mpi-gpl-fabrica-laureate-ac-IDfVb8m.html#c628f1009f,
https://www.olx.ro/d/oferta/craysler-grand-voyager-IDg111P.html#c628f1009f,
https://www.olx.ro/d/oferta/bmw-120d-cabrio-e88-IDfbL7K.html#c628f1009f,
https://www.olx.ro/d/oferta/kia-sportage-an-2014-2litri-136-cp-euro-5-tractiune-4x4-4x2-IDfVb8s.html#c628f1009f,
https://www.olx.ro/d/oferta/vand-schimb-peugeot-206-1-4-hdi-IDg111I.html#c628f1009f,
https://www.olx.ro/d/oferta/peugeot-307-benzina-IDfDDR7.html#c628f1009f,
https://www.olx.ro/d/oferta/ford-tourneo-connect-2009-cu-rampa-pentru-oameni-cu-dizabilitati-impe-IDfw7Yx.html#c628f1009f,
https://www.olx.ro/d/oferta/bmw-seria3-diesel-posibilitate-rate-an-2013-inmatriculat-ro-IDg1102.html#c628f1009f,
https://www.olx.ro/d/oferta/dacia-logan-1-4-2009-IDg111z.html#c628f1009f,
https://www.autovit.ro/anunt/nissan-primera-2-0-ID7GXTOk.html#xtor=SEC-81,
https://www.olx.ro/d/oferta/vand-schimb-ford-focus-IDg111o.html#c628f1009f,
https://www.olx.ro/d/oferta/vand-skoda-yeti-2013-142000km-140cp-4x4-carlig-IDeChOL.html#c628f1009f,
https://www.olx.ro/d/oferta/ford-kuga-titanium-4-x-4-2-0-150-cp-manual-6-1-unic-proprietar-IDfV6fz.html#c628f1009f,
https://www.autovit.ro/anunt/renault-megane-1-5-dci-ID7GYKGG.html#xtor=SEC-81,
https://www.olx.ro/d/oferta/bmw-520i-motor-2-8-e39-IDg0jn9.html#c628f1009f,
https://www.olx.ro/d/oferta/peugeot-508-an-2012-motor-2-0-euro-5-140-cai-propietar-IDg111i.html#c628f1009f,
https://www.olx.ro/d/oferta/porsche-cayenne-s-ofer-dif-IDfVb7X.html#c628f1009f,
https://www.olx.ro/d/oferta/bmw-seria-5-stare-buna-de-functionare-IDg111f.html#c628f1009f,
https://www.olx.ro/d/oferta/citroen-ds3-10-2010-1-6-benzina-rate-0-avans-navi-facelift-led-euro-5-IDg1111.html#c628f1009f,
https://www.autovit.ro/anunt/mercedes-benz-citan-111-cdi-lung-ID7GW21L.html#xtor=SEC-81,
https://www.olx.ro/d/oferta/vand-renault-scenic-iii-xmod-1-6-dci-131-cp-panoramic-bose-IDfVb6I.html#c628f1009f,
https://www.olx.ro/d/oferta/passat-2008-130000km-IDfVb3a.html#c628f1009f,
https://www.olx.ro/d/oferta/mitsubishi-pinin-suzuki-gran-vitara-suzuki-jimny-nissan-toyota-IDfPvDh.html#c628f1009f,
https://www.olx.ro/d/oferta/bmw-520dnavi2013pielebixenon-IDg0sRl.html#c628f1009f,
https://www.olx.ro/d/oferta/wolwvagen-passat-b5-5-IDfOQUg.html#c628f1009f,
https://www.olx.ro/d/oferta/ford-transit-prelata-8-paleti-dormitor-nou-zero-km-garantie-4-ani-IDfVb7q.html#c628f1009f,
https://www.autovit.ro/anunt/renault-clio-1-2-16v-75-ID7GWqzg.html#xtor=SEC-81,
https://www.autovit.ro/anunt/seat-ibiza-1-4-ID7GX9NL.html#xtor=SEC-81,
https://www.autovit.ro/anunt/bmw-x5-xdrive40d-ID7GXAOg.html#xtor=SEC-81,
https://www.olx.ro/d/oferta/vand-autoplatforma-mercedes-IDfY8Y5.html#c628f1009f;promoted,
https://www.autovit.ro/anunt/volkswagen-tiguan-2-0-tdi-dpf-ID7GVPMR.html#xtor=SEC-81,
https://www.olx.ro/d/oferta/audi-q3-2-0-tfsi-quattro-posibilitate-rate-an-2013-IDfDQzo.html#c628f1009f;promoted,
https://www.olx.ro/d/oferta/ford-fiesta-facelift-1-3-benzina-2006-euro4-IDfi2IN.html#c628f1009f;promoted,
https://www.autovit.ro/anunt/seat-ibiza-1-2-ID7GUmtR.html#xtor=SEC-81,
https://www.olx.ro/d/oferta/vand-schimb-vw-passat-1-9-tdi-r-line-recent-adus-IDfVb6L.html#0fa3034e97,
https://www.olx.ro/d/oferta/ford-fiesta-2013-IDfVb60.html#0fa3034e97,
https://www.olx.ro/d/oferta/kona-hybrid-1-6-gdi-141-cp-2-wd-6-dct-highway-IDg10yf.html#0fa3034e97,
https://www.olx.ro/d/oferta/volkswagen-passat-b6-170-bmr-import-germania-IDfDLGM.html#0fa3034e97,
https://www.olx.ro/d/oferta/vand-kia-sportage-2-0-td-4x4-an-2002-IDfLYLL.html#0fa3034e97,
https://www.olx.ro/d/oferta/audi-q5-quattro-2-0-tdi-190-cp-euro-6-neonled-navi-ro-IDfTnek.html#0fa3034e97,
https://www.olx.ro/d/oferta/remorca-agricola-ferma-remorca-5-tone-agricola-IDfPFvO.html#0fa3034e97,
https://www.olx.ro/d/oferta/remorca-agricola-monoax-tractor-IDf3Mol.html#0fa3034e97,
https://www.olx.ro/d/oferta/audi-a6-break-4f-IDfRuf3.html#0fa3034e97,
https://www.olx.ro/d/oferta/skoda-octavia-2-1-9-bxe-prim-inm-feb-2009-IDfQxtg.html#0fa3034e97,
https://www.olx.ro/d/oferta/renault-megane-bose-panoramic-interior-bicolor-IDfV94g.html#0fa3034e97,
https://www.olx.ro/d/oferta/mercedes-benz-s-4matic-amg-optiuni-multiple-impecabil-IDfVb5Z.html#0fa3034e97,
https://www.olx.ro/d/oferta/audi-a4-b7-2-0-tdi-vand-schimb-IDfO0GM.html#0fa3034e97,
https://www.autovit.ro/anunt/skoda-fabia-combi-1-4-tdi-ID7GXMRi.html#xtor=SEC-81,
https://www.olx.ro/d/oferta/vand-bmw-e92-330d-IDdFnZR.html#0fa3034e97,
https://www.olx.ro/d/oferta/mercedes-b-class-motor-2-0-diesel-IDfUW7f.html#0fa3034e97,
https://www.olx.ro/d/oferta/vw-passat-b6-1-9-IDfeDk8.html#0fa3034e97,
https://www.autovit.ro/anunt/jeep-renegade-ID7GWgkn.html#xtor=SEC-81,
https://www.autovit.ro/anunt/fiat-ducato-l1-ID7GSAqf.html#xtor=SEC-81,
https://www.olx.ro/d/oferta/audi-a6-3-0-quattro-IDfWoTY.html#0fa3034e97,
https://www.olx.ro/d/oferta/vand-mitsubishi-pajero-2-8-IDfWa0U.html#0fa3034e97,
https://www.olx.ro/d/oferta/suzuki-gsf-600-bandit-IDfUSP1.html#0fa3034e97,
https://www.olx.ro/d/oferta/vand-bmw-330-diesel-pachet-m-2008-IDg10Zq.html#0fa3034e97,
https://www.olx.ro/d/oferta/honda-cbr-600-rr-an-2009-IDfUW1v.html#0fa3034e97,
https://www.olx.ro/d/oferta/opel-astra-1-6-16v-break-IDg10Zi.html#0fa3034e97,
https://www.olx.ro/d/oferta/vand-snowmobil-polaris-IDfOJgq.html#0fa3034e97,
https://www.olx.ro/d/oferta/bmw-x5-3-0-d-194-cp-2003-automat-pachet-aero-dinamic-fiscal-IDfXouA.html#0fa3034e97,
https://www.olx.ro/d/oferta/opel-vivaro-1-9-disell-8-1-locuri-klima-an-2005-IDfVb5r.html#0fa3034e97,
https://www.olx.ro/d/oferta/geaca-dama-cycle-spirit-IDfNgfA.html#0fa3034e97,
https://www.olx.ro/d/oferta/scutter-peugeott-IDfUW1A.html#0fa3034e97,
https://www.olx.ro/d/oferta/vand-audi-a5-2011-IDg10Z6.html#0fa3034e97,
https://www.olx.ro/d/oferta/smart-fortwo-2016-automat-IDg10Z2.html#0fa3034e97,
https://www.olx.ro/d/oferta/volkswagen-golf-5-break-IDfDeVe.html#0fa3034e97,
https://www.olx.ro/d/oferta/volkswagen-passat-IDfMxcu.html#0fa3034e97,
https://www.autovit.ro/anunt/volkswagen-passat-1-4-tsi-act-bluemotion-technology-ID7GY3rV.html#xtor=SEC-81,
https://www.autovit.ro/anunt/jeep-renegade-2-0-m-jet-4x4-at-ID7GWS9D.html#xtor=SEC-81,
https://www.olx.ro/d/oferta/chevrolet-kalosaveo-gpl-buna-pentru-livrari-glovo-tazz-bolt-IDg10YO.html#0fa3034e97,
https://www.olx.ro/d/oferta/volkswagen-transporteran-2015dublu-cabina-6-locuri-IDfWwKo.html#0fa3034e97,
https://www.olx.ro/d/oferta/renault-megane-3-renault-megane-1-5dci-megane-3-posibilitate-rate-IDfVzTT.html#0fa3034e97;promoted,
https://www.olx.ro/d/oferta/vw-passat-b8-2-0-tdi-150cp-euro6-IDfJv1U.html#0fa3034e97;promoted,
https://www.olx.ro/d/oferta/nissan-patrol-y61-3-0-IDfI0m5.html#0fa3034e97;promoted,
https://www.olx.ro/d/oferta/ford-transit-doka-7locuri-IDfWSTd.html#0fa3034e97;promoted,
https://www.olx.ro/d/oferta/bmw-120d-euro-5-automata-navigatie-piele-istoric-bmw-IDfWOk4.html#0fa3034e97;promoted,
https://www.olx.ro/d/oferta/smart-fortwo-2016-automat-IDg10Z2.html#5f15cd466b,
https://www.olx.ro/d/oferta/volkswagen-golf-5-break-IDfDeVe.html#5f15cd466b,
https://www.olx.ro/d/oferta/volkswagen-passat-IDfMxcu.html#5f15cd466b,
https://www.autovit.ro/anunt/volkswagen-passat-1-4-tsi-act-bluemotion-technology-ID7GY3rV.html#xtor=SEC-81,
https://www.autovit.ro/anunt/jeep-renegade-2-0-m-jet-4x4-at-ID7GWS9D.html#xtor=SEC-81,
https://www.olx.ro/d/oferta/chevrolet-kalosaveo-gpl-buna-pentru-livrari-glovo-tazz-bolt-IDg10YO.html#5f15cd466b,
https://www.olx.ro/d/oferta/volkswagen-transporteran-2015dublu-cabina-6-locuri-IDfWwKo.html#5f15cd466b,
https://www.olx.ro/d/oferta/vand-bmw-320-an-2006-IDfMn09.html#5f15cd466b,
https://www.olx.ro/d/oferta/bmw-seria-3-e90-i-IDg10YG.html#5f15cd466b,
https://www.olx.ro/d/oferta/porsche-cayenne-3-0d-variante-IDfV8Sx.html#5f15cd466b,
https://www.olx.ro/d/oferta/seat-leon-1-6tdi-2014-105cp-IDg10Y0.html#5f15cd466b,
https://www.autovit.ro/anunt/volkswagen-multivan-ID7GXcAz.html#xtor=SEC-81,
https://www.autovit.ro/anunt/bmw-x5-ID7GXxXg.html#xtor=SEC-81,
https://www.autovit.ro/anunt/volkswagen-golf-plus-2-0-tdi-ID7GMhnC.html#xtor=SEC-81,
https://www.autovit.ro/anunt/saab-9-3-ID7GXxXi.html#xtor=SEC-81,
https://www.autovit.ro/anunt/mercedes-benz-sprinter-ID7GuROa.html#xtor=SEC-81,
https://www.autovit.ro/anunt/peugeot-406-ID7GYKGz.html#xtor=SEC-81,
https://www.olx.ro/d/oferta/bmw-e91-320d-touring-IDg10Yg.html#5f15cd466b,
https://www.olx.ro/d/oferta/vand-opel-astra-germania-IDg10xc.html#5f15cd466b,
https://www.olx.ro/d/oferta/vand-bmw-seria-530d-e60-IDg10Ya.html#5f15cd466b,
https://www.olx.ro/d/oferta/bmw-seria-1-navi-euro-5-IDfVaVV.html#5f15cd466b,
https://www.olx.ro/d/oferta/remorca-mixta-humbaur-IDfNlIx.html#5f15cd466b,
https://www.olx.ro/d/oferta/daihatsu-feroza-off-road-IDf9rnj.html#5f15cd466b,
https://www.olx.ro/d/oferta/volkswagen-polo-1-2-IDg10XU.html#5f15cd466b,
https://www.olx.ro/d/oferta/volkswagen-jetta-2015-1-2l-tsi-full-110cp-155000-km-reali-consum-mic-IDfVaVe.html#5f15cd466b,
https://www.autovit.ro/anunt/bmw-x3-standard-ID7GYqQ2.html#xtor=SEC-81,
https://www.olx.ro/d/oferta/audi-a3-2-0-tdi-euro-5-IDfIJR9.html#5f15cd466b,
https://www.olx.ro/d/oferta/vand-renault-megane-ii-1-5-dci-defect-garnitura-chiulasa-arsa-IDfBe2i.html#5f15cd466b,
https://www.olx.ro/d/oferta/vw-golf-6-1-6tdi-2010-105cp-IDg10X3.html#5f15cd466b,
https://www.olx.ro/d/oferta/logan-mcv-2018-90-cp-IDfVb29.html#5f15cd466b,
https://www.olx.ro/d/oferta/mazda-6-an-2007-motor-2-0-diesel-143cp-full-xenon-interior-piele-IDfZKQ0.html#5f15cd466b,
https://www.olx.ro/d/oferta/opel-astra-g-bertone-coupe-gold-1800cm-euro4-clima-pilot-opcline-piele-IDfhzVT.html#5f15cd466b,
https://www.olx.ro/d/oferta/skoda-octavia-2-facelift-an-2011-1-2-tsi-benzina-105-cp-IDfVb3j.html#5f15cd466b,
https://www.olx.ro/d/oferta/skoda-superb-2008-IDfOJlC.html#5f15cd466b,
https://www.olx.ro/d/oferta/yamaha-virago-535-IDg10X9.html#5f15cd466b,
https://www.olx.ro/d/oferta/bmw-f10-535d-313-cp-m-paket-4x4-IDfUKhD.html#5f15cd466b,
https://www.olx.ro/d/oferta/suzuki-sx4-4x4-an-2011-e5-navigatie-climatronic-IDfVb2d.html#5f15cd466b,
https://www.olx.ro/d/oferta/rate-mercedes-c200-2-2-cdi-136-cp-euro-4-fabricatie-06-2009-garan-IDfVb1R.html#5f15cd466b,
https://www.olx.ro/d/oferta/audi-a4-b8-euro5-IDg0ojI.html#5f15cd466b,
https://www.autovit.ro/anunt/toyota-land-cruiser-ID7GYtQE.html#xtor=SEC-81,
https://www.autovit.ro/anunt/mercedes-benz-gle-450-4matic-ID7GGueV.html#xtor=SEC-81,
https://www.olx.ro/d/oferta/ford-focus-mk-4-an-2009-titanium-motor-1-8-benzina-125-cp-navi-clima-IDfhghd.html#5f15cd466b;promoted,
https://www.olx.ro/d/oferta/rulota-comerciala-fast-food-food-track-2022-pe-comanda-si-stoc-IDffzoN.html#5f15cd466b;promoted,
https://www.autovit.ro/anunt/volvo-s90-d5-awd-geartronic-ID7GWT6z.html#xtor=SEC-81,
https://www.autovit.ro/anunt/volkswagen-touran-1-4-tsi-bluemotion-technology-ID7GYd76.html#xtor=SEC-81,
https://www.autovit.ro/anunt/audi-a4-avant-2-0-tdi-ID7GYh0w.html#xtor=SEC-81,
https://www.autovit.ro/anunt/mitsubishi-outlander-2-0-di-d-4wd-ID7GYqQ0.html#xtor=SEC-81,
https://www.autovit.ro/anunt/renault-modus-1-6-ID7GXyeC.html#xtor=SEC-81,
https://www.olx.ro/d/oferta/mazda-6-euro-4-din-2006-recent-imatriculata-IDfOJlh.html#ab28e6b562,
https://www.olx.ro/d/oferta/a6-2016-bitdi-3-0l-235kw-extra-full-IDfUW4U.html#ab28e6b562,
https://www.olx.ro/d/oferta/nissan-qashqai-an-2012-1-6-diesel-131cp-euro-5-IDg10WZ.html#ab28e6b562,
https://www.olx.ro/d/oferta/vind-ford-focus-an-fabricatie-2009-IDg10VO.html#ab28e6b562,
https://www.olx.ro/d/oferta/bmw-520d-f10-luxury-IDg10VL.html#ab28e6b562,
https://www.autovit.ro/anunt/volkswagen-passat-variant-1-9-tdi-ID7GYjrV.html#xtor=SEC-81,
https://www.autovit.ro/anunt/subaru-outback-2-0d-ID7GI4jv.html#xtor=SEC-81,
https://www.autovit.ro/anunt/ford-focus-ID7GVBdx.html#xtor=SEC-81,
https://www.olx.ro/d/oferta/ford-mustang-2-3-ecoboost-cabrio-313-cp-automata-2018-euro-6-IDfV8Lg.html#ab28e6b562,
https://www.olx.ro/d/oferta/yz450f-2009-full-cross-IDg10Vt.html#ab28e6b562,
https://www.olx.ro/d/oferta/vand-atv-107-cmm-IDg10Vy.html#ab28e6b562,
https://www.autovit.ro/anunt/mazda-2-ID7GYqcz.html#xtor=SEC-81,
https://www.olx.ro/d/oferta/mercedes-ml-01-2008-3-0-cdi-rate-0-avans-xenon-automata-jante-navi-IDg10Wn.html#ab28e6b562,
https://www.olx.ro/d/oferta/vand-fiat-linea-2008-IDg10Vk.html#ab28e6b562,
https://www.olx.ro/d/oferta/mazda-cx7-103-000km-IDfzpHS.html#ab28e6b562,
https://www.olx.ro/d/oferta/bmw-seria-3-2-0-diesel-facelift-IDfVb0g.html#ab28e6b562,
https://www.olx.ro/d/oferta/volvo-v50-06-2009-1-6-d-rate-0-avans-navi-jante-facelift-clima-IDg10QE.html#ab28e6b562,
https://www.olx.ro/d/oferta/proprietar-dokker-2016-90-cp-diesel-IDfUcdu.html#ab28e6b562,
https://www.olx.ro/d/oferta/passat-b6-2006-2-0-tdi-IDg10WU.html#ab28e6b562,
https://www.olx.ro/d/oferta/tocator-resturi-vegetale-IDg10WB.html#ab28e6b562,
https://www.olx.ro/d/oferta/land-rover-discovery-3-01-2005-2-7-d-rate-0-avans-automat-xenon-piele-IDfO5pD.html#ab28e6b562,
https://www.olx.ro/d/oferta/skoda-fabia-06-2010-1-2-tdi-rate-0-avans-jante-navi-clima-IDfUNh2.html#ab28e6b562,
https://www.olx.ro/d/oferta/vw-passat-2-0-tdi-170-cai-cutie-automata-IDg0hsZ.html#ab28e6b562,
https://www.olx.ro/d/oferta/audi-a4-b6-1-9-131-cp-IDfRu0Z.html#ab28e6b562,
https://www.olx.ro/d/oferta/bmw-530-i-05-2010-3-0-benzina-rate-0-avans-automat-euro-5-xenon-navi-IDfUNd0.html#ab28e6b562,
https://www.olx.ro/d/oferta/vand-schimb-audi-a4-IDfWeNF.html#ab28e6b562,
https://www.olx.ro/d/oferta/opel-zafira-05-2004-1-8-benzina-rate-0-avans-7-locuri-jante-clima-IDfUN4F.html#ab28e6b562,
https://www.olx.ro/d/oferta/ford-focus-1-6-v-IDg10Wq.html#ab28e6b562,
https://www.olx.ro/d/oferta/bmw-x6-m-4-0d-313-cp-xdrive-2016-accept-crypto-IDfUUrO.html#ab28e6b562,
https://www.autovit.ro/anunt/bmw-x5-xdrive40d-ID7GYKGt.html#xtor=SEC-81,
https://www.olx.ro/d/oferta/vand-renault-trafic-IDg10Wk.html#ab28e6b562,
https://www.olx.ro/d/oferta/bmw-seria-3-2009-10-IDfUW42.html#ab28e6b562,
https://www.olx.ro/d/oferta/ford-mondeo-st-220-3-0-manual-IDfUSJ2.html#ab28e6b562,
https://www.olx.ro/d/oferta/suzuki-grand-vitara-1-9-4x4-2009-193km-trapa-piele-IDfV8Aa.html#ab28e6b562,
https://www.olx.ro/d/oferta/mercedes-benz-cls-350d-facelift-amg-9g-trapa-multibeam-diamond-IDfXotI.html#ab28e6b562,
https://www.autovit.ro/anunt/mercedes-benz-gle-ID7GVZJa.html#xtor=SEC-81,
https://www.olx.ro/d/oferta/motocicleta-yamaha-fz-6-n-IDfbReP.html#ab28e6b562;promoted,
https://www.olx.ro/d/oferta/trailer-4-axe-goldhofer-dublu-extensibil-IDfV8OY.html#ab28e6b562;promoted,
https://www.olx.ro/d/oferta/ford-c-max-diesel-proprietar-IDfWerv.html#ab28e6b562;promoted,
https://www.olx.ro/d/oferta/audi-a6-2-0-170hp-2009-IDfW1s8.html#ab28e6b562;promoted,
https://www.olx.ro/d/oferta/citroen-2016-full-led-navi-euro-6-diesel-1-6-c4-picasso-golf-focus-IDfVaZY.html#1677887678,
https://www.olx.ro/d/oferta/bmw-320d-lci-177cp-euro5-2009-IDfXSwj.html#1677887678,
https://www.olx.ro/d/oferta/vw-touareg-7l-2-5-facelift-IDfU11E.html#1677887678,
https://www.olx.ro/d/oferta/ford-tranzit-8-1-motor-2000-an-2006-IDfZKMH.html#1677887678,
https://www.olx.ro/d/oferta/chevrolet-de-vanzare-IDeW8T7.html#1677887678,
https://www.autovit.ro/anunt/toyota-c-hr-1-8-hsd-122-cp-4x2-ID7GYKGl.html#xtor=SEC-81,
https://www.olx.ro/d/oferta/skoda-octavia-1-6tdi-facelift-euro-5-IDfZKNS.html#1677887678,
https://www.autovit.ro/anunt/dacia-duster-1-5-dci-edc-ID7GXGPb.html#xtor=SEC-81,
https://www.olx.ro/d/oferta/opel-astra-k-1-6-cdti-2016-160cp-navi-parkt-IDfVaYg.html#1677887678,
https://www.olx.ro/d/oferta/audi-a4-b7-2-0-blb-2005-IDfP48X.html#1677887678,
https://www.olx.ro/d/oferta/vand-mercedes-c-class-IDfunSF.html#1677887678,
https://www.olx.ro/d/oferta/range-vogue-autobiography-individual-IDfQqUq.html#1677887678,
https://www.olx.ro/d/oferta/audi-q7-3-0-tdi-v6-s-line-quattro-2017-7-locuri-IDfVaYD.html#1677887678,
https://www.autovit.ro/anunt/bmw-seria-5-530d-xdrive-at-ID7GPnsL.html#xtor=SEC-81,
https://www.autovit.ro/anunt/skoda-karoq-1-5-tsi-dsg-ID7GPtJ6.html#xtor=SEC-81,
https://www.olx.ro/d/oferta/bmw-318-diesel-xenon-navi-IDg10Ug.html#1677887678,
https://www.autovit.ro/anunt/opel-insignia-2-0-cdti-sports-tourer-ID7GVL4m.html#xtor=SEC-81,
https://www.olx.ro/d/oferta/opel-combo-2004-1-6-8v-benzina-IDg0ZtJ.html#1677887678,
https://www.olx.ro/d/oferta/vand-dacia-logan-IDg0hW7.html#1677887678,
https://www.olx.ro/d/oferta/vw-golf-6-1-4-tsi-122cp-2010-euro-5-germania-IDg10U6.html#1677887678,
https://www.olx.ro/d/oferta/vand-mercedes-sprinter-513-IDg10TU.html#1677887678,
https://www.olx.ro/d/oferta/vand-land-rover-IDg10U0.html#1677887678,
https://www.autovit.ro/anunt/seat-leon-1-6-tdi-dpf-e-ecomotive-ID7GYKGu.html#xtor=SEC-81,
https://www.olx.ro/d/oferta/bmw-e46-facelift-IDg10TT.html#1677887678,
https://www.olx.ro/d/oferta/volkswagen-golf-break-1996-1-8-benzina-IDg10Oh.html#1677887678,
https://www.olx.ro/d/oferta/vand-skoda-octavia-2-facelift-IDg10TO.html#1677887678,
https://www.autovit.ro/anunt/mercedes-benz-gle-450-4matic-ID7GO6te.html#xtor=SEC-81,
https://www.autovit.ro/anunt/bmw-seria-5-530d-touring-sport-aut-ID7GXAiu.html#xtor=SEC-81,
https://www.autovit.ro/anunt/dodge-challenger-ID7GXAkD.html#xtor=SEC-81,
https://www.autovit.ro/anunt/audi-q7-55-tfsi-quattro-tiptronic-ID7GXAl8.html#xtor=SEC-81,
https://www.olx.ro/d/oferta/mercedes-classe-v220-IDfP28Q.html#1677887678,
https://www.olx.ro/d/oferta/opel-astra-j-2014-2-0-cdti-160-cp-IDfVaX8.html#1677887678,
https://www.olx.ro/d/oferta/vw-passat-2010-euro5-dsg-140cp-IDfV0LD.html#1677887678,
https://www.olx.ro/d/oferta/prim-proprietar-impecabila-istoric-tiriac-auto-160mii-km-an-2012-IDfWw64.html#1677887678,
https://www.olx.ro/d/oferta/audi-a3-an-2007-1-9-diesel-116cp-euro-4-IDfVaYi.html#1677887678,
https://www.autovit.ro/anunt/dacia-sandero-stepway-tce-90-s-s-ID7GXGQq.html#xtor=SEC-81,
https://www.autovit.ro/anunt/mercedes-benz-cls-amg-53-4matic-ID7GMkEz.html#xtor=SEC-81,
https://www.autovit.ro/anunt/volkswagen-jetta-1-2-tsi-bluemotion-technology-ID7GVAqu.html#xtor=SEC-81,
https://www.autovit.ro/anunt/rolls-royce-cullinan-black-badge-ID7GXvzI.html#xtor=SEC-81,
https://www.autovit.ro/anunt/volkswagen-passat-cc-2-0-tdi-dsg-ID7GYqkV.html#xtor=SEC-81,
https://www.autovit.ro/anunt/bmw-x5-xdrive40d-ID7GXAOg.html#xtor=SEC-81,
https://www.olx.ro/d/oferta/seat-exeo-1-8-tsi-163-cp-05-2013-facelift-IDfQMPM.html#1677887678;promoted,
https://www.olx.ro/d/oferta/mazda-6-de-vanzare-IDfVeT2.html#1677887678;promoted,
https://www.olx.ro/d/oferta/audi-q5-2-0-automat-170-cp-2010-IDfWiuR.html#1677887678;promoted,
https://www.autovit.ro/anunt/audi-a5-sportback-45-tfsi-quatttro-s-tronic-ID7GPkWr.html#xtor=SEC-81,
https://www.autovit.ro/anunt/lamborghini-huracan-evo-spyder-ID7GXw5W.html#xtor=SEC-81,
https://www.autovit.ro/anunt/audi-a5-sportback-45-tfsi-quatttro-s-tronic-ID7GRXMM.html#xtor=SEC-81,
https://www.autovit.ro/anunt/audi-a5-sportback-45-tfsi-quatttro-s-tronic-ID7GRXMl.html#xtor=SEC-81,
https://www.olx.ro/d/oferta/volkswagen-tiguan-2-0tdi-dsg-4x4-panoramic-bi-xenon-piele-crem-IDfVaVS.html#c8650d7a65,
https://www.olx.ro/d/oferta/hyundai-i40-diesel-2019-IDg0Dqc.html#c8650d7a65,
https://www.olx.ro/d/oferta/ford-focus-facelift-1-6-tdci-euro-5-ac-IDg10S7.html#c8650d7a65,
https://www.olx.ro/d/oferta/skoda-ll-stare-foarte-buna-IDg10Tk.html#c8650d7a65,
https://www.olx.ro/d/oferta/vw-golf-6-an-2011-1-6-diesel-105-cp-euro-5-IDfVaXV.html#c8650d7a65,
https://www.olx.ro/d/oferta/audi-a5-2-0-tfsi-211-cp-IDg10Ta.html#c8650d7a65,
https://www.olx.ro/d/oferta/bmw-seria-3-320d-177cp-automat-IDfruOo.html#c8650d7a65,
https://www.olx.ro/d/oferta/vand-1000-bmw-e39-523i-break-fab-1998-nerulat-ro-fara-rugina-trapa-IDfVaXF.html#c8650d7a65,
https://www.olx.ro/d/oferta/vand-nissan-qashqai-IDg10SZ.html#c8650d7a65,
https://www.olx.ro/d/oferta/ford-fiesta-titanium-full-euro-5-inmatriculata-IDfYBTV.html#c8650d7a65,
https://www.olx.ro/d/oferta/vand-bena-IDg10SQ.html#c8650d7a65,
https://www.olx.ro/d/oferta/atv-250-cc-automat-roti-10-inch-full-options-troliu-carlig-garantie-IDfia7O.html#c8650d7a65,
https://www.olx.ro/d/oferta/golf-7-tsi-impecabila-IDg10SG.html#c8650d7a65,
https://www.olx.ro/d/oferta/vand-schimb-motocicleta-yamaha-IDdFgNa.html#c8650d7a65,
https://www.olx.ro/d/oferta/opel-vectra-b-IDfUt0Y.html#c8650d7a65,
https://www.olx.ro/d/oferta/renault-fluence-1-5-dci-an-2010-consum-mic-glovo-tazz-bolt-food-panda-IDfXlGQ.html#c8650d7a65,
https://www.olx.ro/d/oferta/vand-touran-2-0-tdi-140cp-bmm-highline-rosu-an-2009-IDfVaKg.html#c8650d7a65,
https://www.olx.ro/d/oferta/kia-sportage-de-vanzare-IDg10Su.html#c8650d7a65,
https://www.olx.ro/d/oferta/vind-land-rover-2-o-IDfOIIL.html#c8650d7a65,
https://www.olx.ro/d/oferta/vand-smart-fortwo-urgent-pret-fix-IDfVaX3.html#c8650d7a65,
https://www.olx.ro/d/oferta/ford-focus-2-109-cp-IDg10So.html#c8650d7a65,
https://www.olx.ro/d/oferta/suzuki-jimny-cabrio-2008-editia-rock-am-ring-IDfSz7G.html#c8650d7a65,
https://www.olx.ro/d/oferta/toyota-corolla-verso-IDg10Sg.html#c8650d7a65,
https://www.olx.ro/d/oferta/vand-bmw-320d-facelift-IDfYylv.html#c8650d7a65,
https://www.autovit.ro/anunt/porsche-cayenne-ID7GYKGp.html#xtor=SEC-81,
https://www.olx.ro/d/oferta/skoda-octavia-2-0-tdi-2010-IDfVaWi.html#c8650d7a65,
https://www.olx.ro/d/oferta/volkswagen-golf-6-IDfhd9y.html#c8650d7a65,
https://www.olx.ro/d/oferta/vand-passat-cc-full-r-line-interior-exterior-IDfOJhO.html#c8650d7a65,
https://www.olx.ro/d/oferta/alfa-romeo-147-jtd-IDdXtfB.html#c8650d7a65,
https://www.olx.ro/d/oferta/bmw-x3-e83-2-0-177-IDfTUty.html#c8650d7a65,
https://www.olx.ro/d/oferta/vand-variator-can-am-1000-renegade-IDg10RJ.html#c8650d7a65,
https://www.olx.ro/d/oferta/peugeot-rcz-2010-benzina-automat-IDfL9Cc.html#c8650d7a65,
https://www.olx.ro/d/oferta/vand-fiat-basculabil-pe-3-parti-IDffb3d.html#c8650d7a65,
https://www.olx.ro/d/oferta/mazda-5-7-1-locuri-110-cp-2-0-bataie-motor-IDfCXY9.html#c8650d7a65,
https://www.olx.ro/d/oferta/mercedes-gla-200d-4matic-2015-interior-2016-automat-200km-carvertic-IDfVaPf.html#c8650d7a65,
https://www.olx.ro/d/oferta/opel-adam-euro-5-126-000-km-IDfTplV.html#c8650d7a65;promoted,
https://www.olx.ro/d/oferta/vito-113cdi-euro5-2013-facelift-clima-ac-136cp-IDfV96g.html#c8650d7a65;promoted,
https://www.olx.ro/d/oferta/skoda-fabia-combi-diesel-full-econetic-IDfWP8W.html#c8650d7a65;promoted,
https://www.olx.ro/d/oferta/toyota-land-cruiser-autoutilitara-n1-cu-4-locuri-rar-efectuat-IDfWBkn.html#c8650d7a65;promoted,
https://www.autovit.ro/anunt/toyota-land-cruiser-3-0-td-4d-ID7GXYwf.html#xtor=SEC-81,
https://www.olx.ro/d/oferta/mitsubishi-pajero-mk2-n1-autoutilitara-cu-5-locuri-superselect-IDfhC9N.html#9ba255a28e,
https://www.olx.ro/d/oferta/ford-mustang-3-7i-2017-IDfNQfv.html#9ba255a28e,
https://www.olx.ro/d/oferta/bmw-320d-xdrive-184-cp-automat-panoramic-bi-xenon-keyless-navi-IDfZKLa.html#9ba255a28e,
https://www.olx.ro/d/oferta/honda-st-1100-pan-european-touring-sport-IDg10Qj.html#9ba255a28e,
https://www.autovit.ro/anunt/volkswagen-passat-ID7GYKGj.html#xtor=SEC-81,
https://www.olx.ro/d/oferta/autocar-setra-415-gt-hd-IDg10PV.html#9ba255a28e,
https://www.olx.ro/d/oferta/volkswagen-kafer-1971-restaurata-complet-IDfxIuR.html#9ba255a28e,
https://www.olx.ro/d/oferta/bmw-x6-coupe-2016-IDg10R0.html#9ba255a28e,
https://www.olx.ro/d/oferta/audi-a5-2010-3-0tdi-IDfW4GC.html#9ba255a28e,
https://www.autovit.ro/anunt/dacia-duster-1-5-blue-dci-ID7GYKGk.html#xtor=SEC-81,
https://www.olx.ro/d/oferta/atv-kymco-mx-150cc-pentru-copii-sau-adultikxd-125-eton-shineray-IDfZv2h.html#9ba255a28e,
https://www.olx.ro/d/oferta/bmw-x3-2009-177cp-motor-defect-IDg10PJ.html#9ba255a28e,
https://www.olx.ro/d/oferta/remorca-tractor-ppv3-factura-IDfUK2Q.html#9ba255a28e,
https://www.olx.ro/d/oferta/vand-bmw-x6-m-original-individual-IDg10Qz.html#9ba255a28e,
https://www.olx.ro/d/oferta/bmw-320d-2015-automat-IDfhetp.html#9ba255a28e,
https://www.olx.ro/d/oferta/dacia-logan-din-2008-motor-1-4-benzina-euro-4-km-150000-reali-IDg10PG.html#9ba255a28e,
https://www.olx.ro/d/oferta/volkswagen-tiguan-2011-IDfOIsD.html#9ba255a28e,
https://www.olx.ro/d/oferta/vand-wolsvagen-pasat-IDfTYcA.html#9ba255a28e,
https://www.olx.ro/d/oferta/rolls-royce-silver-cloud-2-1960-IDfl2Cf.html#9ba255a28e,
https://www.olx.ro/d/oferta/ford-focus-1-6-tdci-incalzire-in-scaune-parbriz-pilot-automat-IDfVaTW.html#9ba255a28e,
https://www.olx.ro/d/oferta/honda-civic-an-2014-motor-1-4-benzina-100-cp-adusa-germania-IDfYBRz.html#9ba255a28e,
https://www.olx.ro/d/oferta/dacia-duster-1-5-dci-4x4-webasto-IDg0Doa.html#9ba255a28e,
https://www.olx.ro/d/oferta/scuter-electric-IDea8Go.html#9ba255a28e,
https://www.autovit.ro/anunt/mercedes-benz-cls-220-d-9g-tronic-ID7GRFoM.html#xtor=SEC-81,
https://www.olx.ro/d/oferta/mercedes-benz-s250-lung-IDeefnG.html#9ba255a28e,
https://www.olx.ro/d/oferta/vand-quad-motor-600cc-honda-cbr-f3-100cp-IDg10PF.html#9ba255a28e,
https://www.olx.ro/d/oferta/masina-taiat-fier-beton-edil-grappa-mu16-IDedigo.html#9ba255a28e,
https://www.olx.ro/d/oferta/daf-cf-360-transportor-auto-tva-deductibil-IDg0Dnh.html#9ba255a28e,
https://www.olx.ro/d/oferta/vand-volvo-fh-500-IDfWwyJ.html#9ba255a28e,
https://www.autovit.ro/anunt/volkswagen-passat-alltrack-2-0-tdi-scr-4motion-dsg-ID7GX3sh.html#xtor=SEC-81,
https://www.olx.ro/d/oferta/volkswagen-polo-faruri-xenon-climatronic-navigatie-4-usi-IDfZKJQ.html#9ba255a28e,
https://www.autovit.ro/anunt/audi-q5-2-0-tfsi-quattro-s-tronic-ID7GYgZT.html#xtor=SEC-81,
https://www.olx.ro/d/oferta/range-rover-vogue-2012-IDfZ7S8.html#9ba255a28e,
https://www.olx.ro/d/oferta/atv-manual-4-1-i-IDg10Ph.html#9ba255a28e,
https://www.olx.ro/d/oferta/vand-gmc-vandura-2500-IDedeyh.html#9ba255a28e,
https://www.olx.ro/d/oferta/opel-corsa-an-2001-IDg10Pa.html#9ba255a28e,
https://www.olx.ro/d/oferta/suzuki-grand-vitara-xl-7-v6-benzina-IDg10P2.html#9ba255a28e,
https://www.olx.ro/d/oferta/vand-peugeot-107-IDg10P4.html#9ba255a28e,
https://www.olx.ro/d/oferta/audi-a3-1-4-tfsi-negociabil-IDfTBgH.html#9ba255a28e,
https://www.autovit.ro/anunt/skoda-superb-combi-2-0-tdi-dsg-ID7GWZCx.html#xtor=SEC-81,
https://www.autovit.ro/anunt/audi-a4-ID7GYpH5.html#xtor=SEC-81,
https://www.olx.ro/d/oferta/dacia-dokker-1-5-dci-euro-5-IDfNYZm.html#9ba255a28e;promoted,
https://www.olx.ro/d/oferta/audi-a3-1-8-turbo-150-cp-148-500-km-full-deosebit-ireprosabil-variante-IDfJjGR.html#9ba255a28e;promoted,
https://www.olx.ro/d/oferta/astra-h-impecabil-cu-gpl-2021-IDfby36.html#9ba255a28e;promoted,
https://www.olx.ro/d/oferta/mercedes-glc-220-4matic-IDfOIdg.html#11c847875a,
https://www.olx.ro/d/oferta/audi-a4-b8-5-facelift-2014-euro-5-automat-s-tronic-full-led-2-0-t-IDg10OC.html#11c847875a,
https://www.olx.ro/d/oferta/can-am-outlander-max-1000-IDg10Ox.html#11c847875a,
https://www.olx.ro/d/oferta/skoda-octavia-vrs-2-0tdi-170cp-IDg10NR.html#11c847875a,
https://www.olx.ro/d/oferta/skoda-octavia-2-din-2007-IDfkatX.html#11c847875a,
https://www.olx.ro/d/oferta/dacia-logan-story-2012-IDfYBNM.html#11c847875a,
https://www.olx.ro/d/oferta/vw-touareg-r-line-2008-3-0-diesel-IDfUP9n.html#11c847875a,
https://www.olx.ro/d/oferta/vand-volkswagenpassat-b8-berlina-motor-2-0-masina-foarte-ingrijita-IDfVaQX.html#11c847875a,
https://www.olx.ro/d/oferta/mercedes-benz-w123-IDeT38L.html#11c847875a,
https://www.olx.ro/d/oferta/opel-mokka-1-7-cdti-130cp-4x4-IDfZKGU.html#11c847875a,
https://www.olx.ro/d/oferta/vand-bmw-f30-seria-3-2013-IDfVaQc.html#11c847875a,
https://www.olx.ro/d/oferta/vind-merceds-c220-cdi-IDfVKC5.html#11c847875a,
https://www.olx.ro/d/oferta/bmw-r1200-gs-an-2017-IDfOvrF.html#11c847875a,
https://www.olx.ro/d/oferta/platforma-noua-4-5-galla-syriusz-IDbsHtk.html#11c847875a,
https://www.olx.ro/d/oferta/nissan-qashqai-tekna-1-5dci-impecabila-IDfOwXc.html#11c847875a,
https://www.olx.ro/d/oferta/rolls-royce-silver-shadow-IDeT3lO.html#11c847875a,
https://www.olx.ro/d/oferta/rate-volkswagen-jetta-2-0-tdi-140-cp-2006-euro-4-bmp-import-germania-IDfOJKm.html#11c847875a,
https://www.olx.ro/d/oferta/mercedes-benz-280-s-automat-IDengPG.html#11c847875a,
https://www.olx.ro/d/oferta/vw-touran-1-9-tdi-2007-IDfeYlc.html#11c847875a,
https://www.olx.ro/d/oferta/renault-koleos-2018-euro6-1-6-dirsel-130cp-IDfVaOd.html#11c847875a,
https://www.olx.ro/d/oferta/motocicleta-suzuki-gsr-600-k6-tuning-IDeX2JA.html#11c847875a,
https://www.olx.ro/d/oferta/dacia-logan-90-cp-IDfWti5.html#11c847875a,
https://www.olx.ro/d/oferta/cutie-dsg-vw-passat-IDc4E19.html#11c847875a,
https://www.olx.ro/d/oferta/opel-insignia-automat-44-2-0-cdti-biturbo-IDfUU9H.html#11c847875a,
https://www.autovit.ro/anunt/mercedes-benz-c-220-d-9g-tronic-ID7GYIyx.html#xtor=SEC-81,
https://www.olx.ro/d/oferta/yamaha-wr125x-an-fabricatie-2015-IDfdLae.html#11c847875a,
https://www.olx.ro/d/oferta/mercedes-e350-afirmatic-4matic-IDfUmZC.html#11c847875a,
https://www.olx.ro/d/oferta/opel-astra-g-1-6-benzina-IDg10N3.html#11c847875a,
https://www.olx.ro/d/oferta/bmw530d-manual-6-trepte-IDfAHjP.html#11c847875a,
https://www.olx.ro/d/oferta/opel-vectra-1-6-16v-IDg10MT.html#11c847875a,
https://www.autovit.ro/anunt/bmw-seria-2-216d-gran-tourer-aut-ID7GYKGd.html#xtor=SEC-81,
https://www.olx.ro/d/oferta/schimb-seat-toledo-2014-IDg10MM.html#11c847875a,
https://www.olx.ro/d/oferta/renault-koleos-euro-5-IDg10J3.html#11c847875a,
https://www.olx.ro/d/oferta/autocar-mercedes-tourino-33-2-IDfUUYT.html#11c847875a,
https://www.olx.ro/d/oferta/vand-nissan-patrol-k260-IDfTuul.html#11c847875a,
https://www.autovit.ro/anunt/bmw-seria-5-518d-aut-ID7GXxOP.html#xtor=SEC-81,
https://www.olx.ro/d/oferta/vw-jetta-1-6-diesel-2012-IDfWZK5.html#11c847875a,
https://www.olx.ro/d/oferta/vand-hyundai-santa-fe-IDfTrdA.html#11c847875a,
https://www.olx.ro/d/oferta/ford-focus-landini-dt-1000-same-buffalo-130-schimb-cu-logan-diesel-IDfvc4m.html#11c847875a,
https://www.autovit.ro/anunt/nissan-qashqai-1-6-dci-stop-start-ID7GYtA6.html#xtor=SEC-81,
https://www.autovit.ro/anunt/bmw-seria-5-520d-gran-turismo-ID7GXXy9.html#xtor=SEC-81,
https://www.olx.ro/d/oferta/audi-a6-c7-facelift-2017-unic-proprietar-2-0-diesel-IDfRFG2.html#11c847875a;promoted,
https://www.olx.ro/d/oferta/dacia-dokker-1-5-dci-euro-5-IDfNYZm.html#11c847875a;promoted,
https://www.olx.ro/d/oferta/opel-astra-j-an-2011-motor-1-6-benzina-clasic-115-cp-euro-5-import-rec-IDfUXWf.html#11c847875a;promoted,
https://www.olx.ro/d/oferta/opel-astra-j-2013-1-3-cdti-IDfUUfb.html#6a078e546e,
https://www.olx.ro/d/oferta/bmw-x5-3-0-diesel-panoramic-perne-jante-y-accept-variante-IDfZKGR.html#6a078e546e,
https://www.olx.ro/d/oferta/vand-bmw-320d-x-drive-2017-avariat-IDfThwB.html#6a078e546e,
https://www.autovit.ro/anunt/bmw-seria-2-216d-gran-tourer-aut-ID7GYKGd.html#xtor=SEC-81,
https://www.olx.ro/d/oferta/vw-tiguan-high-line-4-motion-4x4-IDfZ5Eu.html#6a078e546e,
https://www.olx.ro/d/oferta/ford-focus-coupe-cabrio-cc-benzina-gpl-IDfP3zq.html#6a078e546e,
https://www.olx.ro/d/oferta/mercedes-benz-ml270-cdi-IDg10Lw.html#6a078e546e,
https://www.olx.ro/d/oferta/vand-peugeot-407-2-0-hdi-IDfUUBA.html#6a078e546e,
https://www.autovit.ro/anunt/porsche-cayenne-3-0-l-ID7GUWkZ.html#xtor=SEC-81,
https://www.autovit.ro/anunt/can-am-outlander-max-ID7GXnj6.html#xtor=SEC-81,
https://www.olx.ro/d/oferta/mariner-yamaha-4hp-2t-IDfOhbx.html#6a078e546e,
https://www.olx.ro/d/oferta/rulota-comerciala-IDg10Lt.html#6a078e546e,
https://www.olx.ro/d/oferta/vand-sau-schimb-audi-a6-3-0-tdi-quattro-an-2006-IDdrpqP.html#6a078e546e,
https://www.olx.ro/d/oferta/volkswagen-scirocco-1-4-tsi-2010-klima-180cp-IDfVaP9.html#6a078e546e,
https://www.olx.ro/d/oferta/renault-clio-2010-facelift-navigatie-piele-1-5-diesel-103-cp-IDfVaOP.html#6a078e546e,
https://www.olx.ro/d/oferta/atv-utv-cf-moto-zforce-550-IDdRtRn.html#6a078e546e,
https://www.olx.ro/d/oferta/vand-bmw-525-x-drive-IDg10Lj.html#6a078e546e,
https://www.olx.ro/d/oferta/ssangyong-rodius-euro4-IDg10Lc.html#6a078e546e,
https://www.olx.ro/d/oferta/opel-omega-caravan-2-0i-IDfaSJ8.html#6a078e546e,
https://www.olx.ro/d/oferta/audi-a5-2-0-euro-5-IDfQ0Cu.html#6a078e546e,
https://www.olx.ro/d/oferta/skoda-octavia-2-1-9tdi-105cp-2008-IDfVaOv.html#6a078e546e,
https://www.olx.ro/d/oferta/vw-caddy-life-2-0-sdi-2009-211000-km-IDfVaMt.html#6a078e546e,
https://www.olx.ro/d/oferta/seat-leon-cupra-290-cp-IDg0sHI.html#6a078e546e,
https://www.olx.ro/d/oferta/bmw-x6-4d-306cv-impecabil-IDg10KV.html#6a078e546e,
https://www.olx.ro/d/oferta/de-vanzare-mercedes-sprinter-IDg10KX.html#6a078e546e,
https://www.olx.ro/d/oferta/ford-fiesta-diesel-2015-IDfVKBq.html#6a078e546e,
https://www.olx.ro/d/oferta/mercedes-e220-cdi-143cp-manual-w210-facelift-IDfVaxM.html#6a078e546e,
https://www.olx.ro/d/oferta/bmw-seria-3-e90-IDfNDV6.html#6a078e546e,
https://www.olx.ro/d/oferta/audi-a4-2019-full-led-navigatie-sport-paket-euro-6-190cp-IDfXoo3.html#6a078e546e,
https://www.olx.ro/d/oferta/cross-sl7-vand-schimb-IDfUUKe.html#6a078e546e,
https://www.olx.ro/d/oferta/far-stanga-yamaha-yzf-r125-IDfbMXD.html#6a078e546e,
https://www.olx.ro/d/oferta/ford-kuga-2012-2-0-diesel-4x4-automata-IDg10Ky.html#6a078e546e,
https://www.olx.ro/d/oferta/vand-nisan-qasqai-1-5-dci-euro-5-tekna-plus-2011-IDfYBNl.html#6a078e546e,
https://www.olx.ro/d/oferta/masina-de-vanzare-IDfQp6h.html#6a078e546e,
https://www.autovit.ro/anunt/audi-q3-2-0-tfsi-quattro-stronic-ID7GYgZn.html#xtor=SEC-81,
https://www.olx.ro/d/oferta/scuter-50-cm-explorer-candy-50-cu-acte-IDg10Kg.html#6a078e546e,
https://www.olx.ro/d/oferta/trailer-transport-utilaje-cu-doua-axe-tandem-IDfTMLh.html#6a078e546e,
https://www.olx.ro/d/oferta/bmw-e46-coupe-320-i-IDg10K4.html#6a078e546e,
https://www.olx.ro/d/oferta/autovehicul-golf-6-IDg10JZ.html#6a078e546e,
https://www.autovit.ro/anunt/volkswagen-touareg-3-0-v6-tdi-ID7GYtYp.html#xtor=SEC-81,
https://www.olx.ro/d/oferta/ford-tranzit-custom-frigorific-2016-2-0tdci-IDfZ4zk.html#6a078e546e;promoted,
https://www.olx.ro/d/oferta/bmw-seria-3-320d-177cp-euro-5-navigatie-bi-xenon-IDfYVmD.html#6a078e546e;promoted,
https://www.olx.ro/d/oferta/vand-bmw-530d-g30-IDfXxjn.html#6a078e546e;promoted,
https://www.olx.ro/d/oferta/audi-a4-avant-b6-IDfV08h.html#6a078e546e;promoted,
https://www.olx.ro/d/oferta/vand-nisan-qasqai-1-5-dci-euro-5-tekna-plus-2011-IDfYBNl.html#f683a8b3f9,
https://www.olx.ro/d/oferta/masina-de-vanzare-IDfQp6h.html#f683a8b3f9,
https://www.autovit.ro/anunt/audi-q3-2-0-tfsi-quattro-stronic-ID7GYgZn.html#xtor=SEC-81,
https://www.olx.ro/d/oferta/scuter-50-cm-explorer-candy-50-cu-acte-IDg10Kg.html#f683a8b3f9,
https://www.olx.ro/d/oferta/trailer-transport-utilaje-cu-doua-axe-tandem-IDfTMLh.html#f683a8b3f9,
https://www.olx.ro/d/oferta/bmw-e46-coupe-320-i-IDg10K4.html#f683a8b3f9,
https://www.olx.ro/d/oferta/autovehicul-golf-6-IDg10JZ.html#f683a8b3f9,
https://www.olx.ro/d/oferta/vw-golf-6-2-0tdi-140-cai-euro5-navigatie-clima-alcantara-IDg10JY.html#f683a8b3f9,
https://www.olx.ro/d/oferta/vand-seat-exeo-euro-5-IDg10JS.html#f683a8b3f9,
https://www.olx.ro/d/oferta/wv-golf-5-19-d-6-1-trepte-viteza-IDg10Io.html#f683a8b3f9,
https://www.autovit.ro/anunt/mercedes-benz-cla-ID7GYH8o.html#xtor=SEC-81,
https://www.olx.ro/d/oferta/range-rover-sport-IDg10JE.html#f683a8b3f9,
https://www.olx.ro/d/oferta/wv-touran-2010-IDg10JC.html#f683a8b3f9,
https://www.olx.ro/d/oferta/volkswagen-sharan-4motion-IDfK18W.html#f683a8b3f9,
https://www.olx.ro/d/oferta/vand-volvo-fh-12-IDfVatB.html#f683a8b3f9,
https://www.olx.ro/d/oferta/vw-touareg-262cp-r-line-tva-deductibil-accept-variante-IDfUi7K.html#f683a8b3f9,
https://www.olx.ro/d/oferta/bmw-7-30-d-long-IDfVaKm.html#f683a8b3f9,
https://www.autovit.ro/anunt/toyota-land-cruiser-ID7GXE8i.html#xtor=SEC-81,
https://www.autovit.ro/anunt/mercedes-benz-sprinter-ID7GY5b8.html#xtor=SEC-81,
https://www.olx.ro/d/oferta/audi-a5-sportback-s-line-2-0-tdi-quattro-bi-xenon-navi-IDfZKDy.html#f683a8b3f9,
https://www.olx.ro/d/oferta/nu-rata-ocazia-merita-IDg10J5.html#f683a8b3f9,
https://www.autovit.ro/anunt/opel-mokka-ID7GULq2.html#xtor=SEC-81,
https://www.olx.ro/d/oferta/renault-laguna-2-IDfMCuM.html#f683a8b3f9,
https://www.autovit.ro/anunt/volvo-xc-60-d3-ID7GYgZK.html#xtor=SEC-81,
https://www.autovit.ro/anunt/bmw-seria-7-750i-xdrive-ID7GYowS.html#xtor=SEC-81,
https://www.olx.ro/d/oferta/scenic-1-5-dci-euro-5-posibilitate-rate-de-la-500-ron-luna-garantie-IDfhIIz.html#f683a8b3f9,
https://www.olx.ro/d/oferta/vw-tiguan-2012-sport-and-style-germania-IDfUrA7.html#f683a8b3f9,
https://www.autovit.ro/anunt/bmw-x4-xdrive30d-at-ID7GPBCe.html#xtor=SEC-81,
https://www.olx.ro/d/oferta/bmw-535d-5-butoane-extra-full-IDfVKvF.html#f683a8b3f9,
https://www.olx.ro/d/oferta/opel-antara-2-0-cdti-4-x-4-fab-2007-IDcZqPN.html#f683a8b3f9,
https://www.olx.ro/d/oferta/daf-xf-105-460-standard-IDg10Ir.html#f683a8b3f9,
https://www.olx.ro/d/oferta/skoda-octavia-2-facelift-2012-IDg10It.html#f683a8b3f9,
https://www.olx.ro/d/oferta/vand-motocicleta-IDg0OtS.html#f683a8b3f9,
https://www.olx.ro/d/oferta/opel-astra-gtc-sport-IDfCXc1.html#f683a8b3f9,
https://www.olx.ro/d/oferta/camion-cu-macara-daf-an-2004-stare-foarte-buna-merita-vazut-IDfVKyx.html#f683a8b3f9,
https://www.olx.ro/d/oferta/skoda-rapid-2019-61000km-IDfVaKQ.html#f683a8b3f9,
https://www.olx.ro/d/oferta/taxi-licenta-rostef-IDfW7nt.html#f683a8b3f9,
https://www.autovit.ro/anunt/fiat-doblo-ID7GYKFZ.html#xtor=SEC-81,
https://www.olx.ro/d/oferta/ford-fiesta-1-4-tdci-titanium-euro-5-rate-de-la-480-ron-luna-garantie-IDfYJg0.html#f683a8b3f9,
https://www.olx.ro/d/oferta/astra-astra-j-2013-IDfyQ8N.html#f683a8b3f9;promoted,
https://www.autovit.ro/anunt/audi-q5-2-0-tdi-quattro-ID7GXcHj.html#xtor=SEC-81,
https://www.autovit.ro/anunt/opel-astra-1-7-cdti-dpf-ID7GUgFt.html#xtor=SEC-81,
https://www.autovit.ro/anunt/kia-ceed-1-0-t-gdi-100-isg-ID7GXTeR.html#xtor=SEC-81,
https://www.olx.ro/d/oferta/ford-fiesta-facelift-1-3-benzina-2006-euro4-IDfi2IN.html#f683a8b3f9;promoted,
