Autoturisme,31
Motociclete - ATV - Scutere,33
Camioane - Utilitare - Bărci,36
Piese - Accesorii - Consumabile,32
Jante - Anvelope ,32
Jante ,32
Anvelope,32
Garsoniere de închiriat,44
Garsoniere de vânzare,43
Case - Vile de închiriat,46
Case - Vile de vânzare,45
Alte tipuri de spații,49
Turism - Cazare,48
Apartament de închiriat ,44
Apartament de vânzare,43
Terenuri ,49
Spații comerciale și Birouri ,50
Laptop - PC - Periferice,30
Laptop / Sisteme PC,30
Monitoare ,30
Modemuri-Routere,27
Componente - Accesorii ,30
Telefoane,15
Tablete - eReadere - Gadgeturi,28
Televizoare,18
Boxe- Sisteme audio,20
Playere audio-video,17
Aparate foto și accesorii ,22
Camere video și audio,22
Mixer-Amplificator-Receiver,96
Accesorii TV,20
Jocuri - Console,29
"Electrocasnice",25
Echipamente de birou ,21
Imprimante -Copiatoare - Scannere ,21
Telefoane fixe - Faxuri - Centrale,14
Alte echipamente de birou ,21
Mobilă - Decorațiuni ,1
Grădină - Plante - Pomi ,9
Renovări - Construcții - Bricolaj ,11
Construcții ,12
Renovări,10
Climatizare - Electrice ,54
Menaj - Uz casnic ,94
Îmbrăcăminte,97
Îmbrăcăminte damă,97
Îmbrăcăminte bărbați,40
Încălțăminte,38
Încălțăminte damă,38
Îmbrăcăminte bărbați,16
Accesorii - Bijuterii ,41
Cosmetice - Îngrijire personală ,42
Cosmetice,42
Parfumuri ,42
Îngrijire personală - aparate ,42
Haine - Încălțăminte - Accesorii ,75
Alimentație - Igienă ,60
Plimbare - Joacă ,39
Camera copilului - Școală ,61
 Pentru Mămici ,95
Prestări servicii ,6
Auto-Transport,105
Construcții-Amenajări,104
Evenimente,106
Înfrumusețare,108
Meditații-Cursuri,107
Reparații,109
Traduceri-Contabilitate,85
Alte Servicii ,110
Afaceri-Echipamente Speciale ,77
Tehnica medicală ,108
Locuri de muncă,8
Achiziții ,76
Administrație / Sector Public,53
Administrativ / Comerț,85
Artă / Entertainment ,84
Asigurări / Consultanță,80
Asistență Socială,59
Bancar,85
Cablaje / Automotive ,91
Cercetare - dezvoltare,58
Chimică,55
Contabilitate / Traduceri ,90
Crewing / Casino ,56
Drept,58
Energetică ,58
Grafică / Webgesign / DTP,88
Jurnalism / Editorial,92
Imobiliare ,76
Industrie ușoară / Confecții,81
Import - export ,93
Inginerie / Tehnologie ,86
IT,88
Învățământ / Educație,83
Lemn / PVC,86
Menagement,85
Marketing / Cercetare de piață,92
Mașini / AutoMedical / Farmacie,57
Mentenanță / Instalații,80
Merchandising / Promoteri ,58
Navală / Aeronautică ,58
ONG ,79
Muncă în străinătate ,93
Câini ,64
Pisici ,65
Alte animale de companie ,66
Accesorii ,68
Animale domestice și păsări ,63
Utilaje agricole - Industrie ,111
Produse alimentare ,60
Alte agro ,12
Articole sportive - Timp liber ,102
Cărți - Reviste - Filme ,79
Muzică - Instrumente muzicale ,79
Obiecte de colecție - Antichități ,79
Turism - Cazare ,48
Biciclete ,37