https://frankfurt.apollo.olxcdn.com:443/v1/files/ly2m4sdqn7qs3-RO/image,
https://frankfurt.apollo.olxcdn.com:443/v1/files/ezt5w1wlvqt4-RO/image,
https://frankfurt.apollo.olxcdn.com:443/v1/files/97k784hu8by71-RO/image,
https://frankfurt.apollo.olxcdn.com:443/v1/files/u1hxvw4rhrua-RO/image,
https://frankfurt.apollo.olxcdn.com:443/v1/files/q563gmxn2m0m2-RO/image,
https://frankfurt.apollo.olxcdn.com:443/v1/files/nhfuf28hx4ce1-RO/image,
https://frankfurt.apollo.olxcdn.com:443/v1/files/tyra29db5wda-RO/image,
https://frankfurt.apollo.olxcdn.com:443/v1/files/58h5ljh7z9so3-RO/image,
https://frankfurt.apollo.olxcdn.com:443/v1/files/ufxvuy7ca0d91-RO/image,
https://frankfurt.apollo.olxcdn.com:443/v1/files/yhtg5n2hraii3-RO/image,
https://frankfurt.apollo.olxcdn.com:443/v1/files/8pmxhz6kh2d82-RO/image,
https://frankfurt.apollo.olxcdn.com:443/v1/files/c5fte0eclwh13-RO/image,
https://frankfurt.apollo.olxcdn.com:443/v1/files/xlqlr63g99ac-RO/image,
https://frankfurt.apollo.olxcdn.com:443/v1/files/3cpxhh3big163-RO/image,
https://frankfurt.apollo.olxcdn.com:443/v1/files/45qjbw6g0akf1-RO/image,
https://frankfurt.apollo.olxcdn.com:443/v1/files/gq4mkhenvt643-RO/image,
https://frankfurt.apollo.olxcdn.com:443/v1/files/3q4v8a0kx668-RO/image,
https://frankfurt.apollo.olxcdn.com:443/v1/files/l1cyfj2tptzq2-RO/image,
https://frankfurt.apollo.olxcdn.com:443/v1/files/wooclzegcmhc-RO/image,
https://frankfurt.apollo.olxcdn.com:443/v1/files/b8ojcygpi22v-RO/image,
https://frankfurt.apollo.olxcdn.com:443/v1/files/5e6erpzuar1q2-RO/image,
https://frankfurt.apollo.olxcdn.com:443/v1/files/0wc3cts605m12-RO/image,
https://frankfurt.apollo.olxcdn.com:443/v1/files/50nivu80bayr3-RO/image,
https://frankfurt.apollo.olxcdn.com:443/v1/files/jmfj87gwpjjx1-RO/image,
https://frankfurt.apollo.olxcdn.com:443/v1/files/hy7gp99o8fmi2-RO/image,
https://frankfurt.apollo.olxcdn.com:443/v1/files/skj0l0ywwh01-RO/image,
https://frankfurt.apollo.olxcdn.com:443/v1/files/rx48vatzduik-RO/image,
https://frankfurt.apollo.olxcdn.com:443/v1/files/if017f7ehzgr2-RO/image,
https://frankfurt.apollo.olxcdn.com:443/v1/files/553y0km8nwqq-RO/image,
https://frankfurt.apollo.olxcdn.com:443/v1/files/faon302cujve1-RO/image,
https://frankfurt.apollo.olxcdn.com:443/v1/files/qgzmmqv8o72l3-RO/image,
https://frankfurt.apollo.olxcdn.com:443/v1/files/ozd7me1wm5xs2-RO/image,
https://frankfurt.apollo.olxcdn.com:443/v1/files/27dlgimdacnd3-RO/image,
https://frankfurt.apollo.olxcdn.com:443/v1/files/4m4crue523y41-RO/image,
https://frankfurt.apollo.olxcdn.com:443/v1/files/xd82se4kzvma3-RO/image,
https://frankfurt.apollo.olxcdn.com:443/v1/files/kc7jgsojp3983-RO/image,
https://frankfurt.apollo.olxcdn.com:443/v1/files/gsnjtjyejbdd-RO/image,
https://frankfurt.apollo.olxcdn.com:443/v1/files/83m2ejds0h5x1-RO/image,
https://frankfurt.apollo.olxcdn.com:443/v1/files/2yerj7gnlcen1-RO/image,
https://frankfurt.apollo.olxcdn.com:443/v1/files/f47wafcfuif22-RO/image,
https://frankfurt.apollo.olxcdn.com:443/v1/files/rjtm9wvwkz6v3-RO/image,
https://frankfurt.apollo.olxcdn.com:443/v1/files/h2heso712j8l2-RO/image,
https://frankfurt.apollo.olxcdn.com:443/v1/files/w1zm6x8pf4oo-RO/image,
https://frankfurt.apollo.olxcdn.com:443/v1/files/u2y72v52uxb13-RO/image,
https://frankfurt.apollo.olxcdn.com:443/v1/files/ty7t6vnj25w73-RO/image,
https://frankfurt.apollo.olxcdn.com:443/v1/files/myep0bhczzfd1-RO/image,
https://frankfurt.apollo.olxcdn.com:443/v1/files/l6rgs4w9gfgl-RO/image,
https://frankfurt.apollo.olxcdn.com:443/v1/files/cuytk2e0iabq2-RO/image,
https://frankfurt.apollo.olxcdn.com:443/v1/files/ajuk404wzwxa2-RO/image,
https://frankfurt.apollo.olxcdn.com:443/v1/files/eihae6khqqq31-RO/image,
https://frankfurt.apollo.olxcdn.com:443/v1/files/awsm6hbpl0me-RO/image,
https://frankfurt.apollo.olxcdn.com:443/v1/files/86ylelkde1df3-RO/image,
https://frankfurt.apollo.olxcdn.com:443/v1/files/efot7kwmuvnh-RO/image,
https://frankfurt.apollo.olxcdn.com:443/v1/files/wak5ff3l4wn53-RO/image,
https://frankfurt.apollo.olxcdn.com:443/v1/files/t84li2f8en833-RO/image,
https://frankfurt.apollo.olxcdn.com:443/v1/files/it1o6sdi2nir3-RO/image,
https://frankfurt.apollo.olxcdn.com:443/v1/files/wuft588bwigl1-RO/image,
https://frankfurt.apollo.olxcdn.com:443/v1/files/6uo1o3c4yn2r3-RO/image,
https://frankfurt.apollo.olxcdn.com:443/v1/files/cczle6jdl64r-RO/image,
https://frankfurt.apollo.olxcdn.com:443/v1/files/7fzrkwz4tok-RO/image,
https://frankfurt.apollo.olxcdn.com:443/v1/files/seq7swgyn9xk-RO/image,
https://frankfurt.apollo.olxcdn.com:443/v1/files/yv1eyrhojiwi1-RO/image,
https://frankfurt.apollo.olxcdn.com:443/v1/files/nox3ts9wmm2g2-RO/image,
https://frankfurt.apollo.olxcdn.com:443/v1/files/c6k9u7112fqs2-RO/image,
https://frankfurt.apollo.olxcdn.com:443/v1/files/qwf3vxu8m4q2-RO/image,
https://frankfurt.apollo.olxcdn.com:443/v1/files/cxulc7kpzgao1-RO/image,
https://frankfurt.apollo.olxcdn.com:443/v1/files/1b1y83d61njy2-RO/image,
https://frankfurt.apollo.olxcdn.com:443/v1/files/59n9clfmp99i1-RO/image,
https://frankfurt.apollo.olxcdn.com:443/v1/files/a4nrxpe7cdrt3-RO/image,
https://frankfurt.apollo.olxcdn.com:443/v1/files/xuut9ut7j3en2-RO/image,
https://frankfurt.apollo.olxcdn.com:443/v1/files/hy7n15ob61xc-RO/image,
https://frankfurt.apollo.olxcdn.com:443/v1/files/eza40h2avxfr2-RO/image,
https://frankfurt.apollo.olxcdn.com:443/v1/files/xoy11otkqku73-RO/image,
https://frankfurt.apollo.olxcdn.com:443/v1/files/3g50adr3t3to-RO/image,
https://frankfurt.apollo.olxcdn.com:443/v1/files/fyx6qunqyq7m3-RO/image,
https://frankfurt.apollo.olxcdn.com:443/v1/files/ma1qxs0c170x1-RO/image,
https://frankfurt.apollo.olxcdn.com:443/v1/files/9qjx7h25gbzf2-RO/image,
https://frankfurt.apollo.olxcdn.com:443/v1/files/l5novj35j5382-RO/image,
https://frankfurt.apollo.olxcdn.com:443/v1/files/ay5kcnfrgbw61-RO/image,
https://frankfurt.apollo.olxcdn.com:443/v1/files/vi8dio064pb71-RO/image,
https://frankfurt.apollo.olxcdn.com:443/v1/files/qpb46jqmxxla2-RO/image,
https://frankfurt.apollo.olxcdn.com:443/v1/files/h9vqonxolil73-RO/image,
https://frankfurt.apollo.olxcdn.com:443/v1/files/qbg7vvhhcg2s3-RO/image,
https://frankfurt.apollo.olxcdn.com:443/v1/files/kt07yhsh6k0c2-RO/image,
https://frankfurt.apollo.olxcdn.com:443/v1/files/p1rotn0ncyvy1-RO/image,
https://frankfurt.apollo.olxcdn.com:443/v1/files/7ir77zlxz3be3-RO/image,
https://frankfurt.apollo.olxcdn.com:443/v1/files/dollmtdexuez1-RO/image,
https://frankfurt.apollo.olxcdn.com:443/v1/files/ml094zbchyqk-RO/image,
https://frankfurt.apollo.olxcdn.com:443/v1/files/1qlwuri4gxzs2-RO/image,
https://frankfurt.apollo.olxcdn.com:443/v1/files/6endd4ag9vg53-RO/image,
https://frankfurt.apollo.olxcdn.com:443/v1/files/n3fz9akhuam51-RO/image,
https://frankfurt.apollo.olxcdn.com:443/v1/files/riz1nt5wy44b-RO/image,
https://frankfurt.apollo.olxcdn.com:443/v1/files/4n74ga9czlen3-RO/image,
https://frankfurt.apollo.olxcdn.com:443/v1/files/yfoqtq5wyng93-RO/image,
https://frankfurt.apollo.olxcdn.com:443/v1/files/5wu85odoka331-RO/image,
https://frankfurt.apollo.olxcdn.com:443/v1/files/k6enbkwnde6z1-RO/image,
https://frankfurt.apollo.olxcdn.com:443/v1/files/xf6nkuqp30fb3-RO/image,
https://frankfurt.apollo.olxcdn.com:443/v1/files/bnxlpvxxo6oz-RO/image,
https://frankfurt.apollo.olxcdn.com:443/v1/files/f708phke2kgz1-RO/image,
https://frankfurt.apollo.olxcdn.com:443/v1/files/79dbml4p1q7w1-RO/image,
https://frankfurt.apollo.olxcdn.com:443/v1/files/paic0cecg9gf-RO/image,
https://frankfurt.apollo.olxcdn.com:443/v1/files/fzt3xj1go9rm2-RO/image,
https://frankfurt.apollo.olxcdn.com:443/v1/files/tr706oog48q42-RO/image,
https://frankfurt.apollo.olxcdn.com:443/v1/files/87smy8c097a92-RO/image,
https://frankfurt.apollo.olxcdn.com:443/v1/files/2mtlf4un1m92-RO/image,
https://frankfurt.apollo.olxcdn.com:443/v1/files/ckv0zrsn8hup3-RO/image,
https://frankfurt.apollo.olxcdn.com:443/v1/files/youxkpr8gb5k3-RO/image,
https://frankfurt.apollo.olxcdn.com:443/v1/files/rmt2c9elnh9t2-RO/image,
https://frankfurt.apollo.olxcdn.com:443/v1/files/rzv0a5qn5pkw1-RO/image,
https://frankfurt.apollo.olxcdn.com:443/v1/files/vwr62l0q5i8o2-RO/image,
https://frankfurt.apollo.olxcdn.com:443/v1/files/cdyk4v76d3co-RO/image,
https://frankfurt.apollo.olxcdn.com:443/v1/files/g2k2janb784i2-RO/image,
https://frankfurt.apollo.olxcdn.com:443/v1/files/4yia16qqa40l2-RO/image,
https://frankfurt.apollo.olxcdn.com:443/v1/files/7vl92z5bnybd2-RO/image,
https://frankfurt.apollo.olxcdn.com:443/v1/files/8fx4juo7nmlj-RO/image,
https://frankfurt.apollo.olxcdn.com:443/v1/files/4jsiiv85n7zt-RO/image,
https://frankfurt.apollo.olxcdn.com:443/v1/files/fqpul5xvic3w2-RO/image,
https://frankfurt.apollo.olxcdn.com:443/v1/files/o8n5cgfcpuca3-RO/image,
https://frankfurt.apollo.olxcdn.com:443/v1/files/0rr2sp4pni8j3-RO/image,
https://frankfurt.apollo.olxcdn.com:443/v1/files/1vfqdplrd57a1-RO/image,
https://frankfurt.apollo.olxcdn.com:443/v1/files/ee5b795jhmfj2-RO/image,
https://frankfurt.apollo.olxcdn.com:443/v1/files/sdkljsozjlfx2-RO/image,
https://frankfurt.apollo.olxcdn.com:443/v1/files/uz3ofo9poyyx2-RO/image,
https://frankfurt.apollo.olxcdn.com:443/v1/files/nekubnznmt1u-RO/image,
https://frankfurt.apollo.olxcdn.com:443/v1/files/0ihxi5rfgrou3-RO/image;r=270,
https://frankfurt.apollo.olxcdn.com:443/v1/files/w4ukfyxw26691-RO/image;r=270,
https://frankfurt.apollo.olxcdn.com:443/v1/files/vzegy1b4bk6d3-RO/image,
https://frankfurt.apollo.olxcdn.com:443/v1/files/05chtfqm0r6v3-RO/image,
https://frankfurt.apollo.olxcdn.com:443/v1/files/xv9hj9jotneb3-RO/image,
https://frankfurt.apollo.olxcdn.com:443/v1/files/cu0q4pxjnlk9-RO/image,
https://frankfurt.apollo.olxcdn.com:443/v1/files/ajwip3ew525b-RO/image,
https://frankfurt.apollo.olxcdn.com:443/v1/files/8qvjely5yb7b-RO/image,
https://frankfurt.apollo.olxcdn.com:443/v1/files/4yn9u8wsj80k1-RO/image,
https://frankfurt.apollo.olxcdn.com:443/v1/files/o6so0a2sdd1u2-RO/image,
https://frankfurt.apollo.olxcdn.com:443/v1/files/9la5dy0ofsjs2-RO/image,
https://frankfurt.apollo.olxcdn.com:443/v1/files/5h8n61okuxqi1-RO/image,
https://frankfurt.apollo.olxcdn.com:443/v1/files/dyafxh65hm1d2-RO/image,
https://frankfurt.apollo.olxcdn.com:443/v1/files/q1ik8osi75hy-RO/image,
https://frankfurt.apollo.olxcdn.com:443/v1/files/clz2g34dffc12-RO/image,
https://frankfurt.apollo.olxcdn.com:443/v1/files/38yo94czwff73-RO/image,
https://frankfurt.apollo.olxcdn.com:443/v1/files/i3p3gq0hc2j32-RO/image,
https://frankfurt.apollo.olxcdn.com:443/v1/files/1fxs5h8slzk42-RO/image,
https://frankfurt.apollo.olxcdn.com:443/v1/files/nclgnm72rgko-RO/image,
https://frankfurt.apollo.olxcdn.com:443/v1/files/h3k4t0jsz99r1-RO/image,
https://frankfurt.apollo.olxcdn.com:443/v1/files/1l0rlb8ql37t1-RO/image,
https://frankfurt.apollo.olxcdn.com:443/v1/files/bg9f3awrecq5-RO/image,
https://frankfurt.apollo.olxcdn.com:443/v1/files/n1d9ozkndlfp1-RO/image,
https://frankfurt.apollo.olxcdn.com:443/v1/files/fh15w96zj8rw2-RO/image,
https://frankfurt.apollo.olxcdn.com:443/v1/files/f6sgbdstopqx2-RO/image,
https://frankfurt.apollo.olxcdn.com:443/v1/files/uwxkugoosfy32-RO/image,
https://frankfurt.apollo.olxcdn.com:443/v1/files/8av3wfr9vby22-RO/image,
https://frankfurt.apollo.olxcdn.com:443/v1/files/s2kjs677ze3k2-RO/image,
https://frankfurt.apollo.olxcdn.com:443/v1/files/ftvjwc4wnnmd1-RO/image,
https://frankfurt.apollo.olxcdn.com:443/v1/files/hls2pf4hwh9h1-RO/image,
https://frankfurt.apollo.olxcdn.com:443/v1/files/8lp4td4r7ykc-RO/image,
https://frankfurt.apollo.olxcdn.com:443/v1/files/ywnwa4r8df1i2-RO/image,
https://frankfurt.apollo.olxcdn.com:443/v1/files/3sy519y8k7wl1-RO/image,
https://frankfurt.apollo.olxcdn.com:443/v1/files/rl7e5vbuzxgw1-RO/image,
https://frankfurt.apollo.olxcdn.com:443/v1/files/v3jz37yovtz93-RO/image,
https://frankfurt.apollo.olxcdn.com:443/v1/files/w7j66k3mng2h1-RO/image,
https://frankfurt.apollo.olxcdn.com:443/v1/files/pp56j6rlj9lk1-RO/image,
https://frankfurt.apollo.olxcdn.com:443/v1/files/ek5dt2wr8t7k3-RO/image,
https://frankfurt.apollo.olxcdn.com:443/v1/files/187zrvzyno81-RO/image,
https://frankfurt.apollo.olxcdn.com:443/v1/files/mb7uhv421fs72-RO/image,
https://frankfurt.apollo.olxcdn.com:443/v1/files/45lmqlrs09ji3-RO/image,
https://frankfurt.apollo.olxcdn.com:443/v1/files/9ivej0l4cxoy1-RO/image,
https://frankfurt.apollo.olxcdn.com:443/v1/files/hc0qpbbxgw2o2-RO/image,
https://frankfurt.apollo.olxcdn.com:443/v1/files/a8nd7ei1p5rr-RO/image,
https://frankfurt.apollo.olxcdn.com:443/v1/files/5acavv71h09d2-RO/image,
https://frankfurt.apollo.olxcdn.com:443/v1/files/gsbavrrw802v2-RO/image,
https://frankfurt.apollo.olxcdn.com:443/v1/files/sfz3fqavirjo1-RO/image,
https://frankfurt.apollo.olxcdn.com:443/v1/files/g8qlkl9q30m3-RO/image,
https://frankfurt.apollo.olxcdn.com:443/v1/files/ynp5bah2i8o6-RO/image,
https://frankfurt.apollo.olxcdn.com:443/v1/files/tdnlf83vqiti-RO/image,
https://frankfurt.apollo.olxcdn.com:443/v1/files/nbwodjgcrr7c1-RO/image,
https://frankfurt.apollo.olxcdn.com:443/v1/files/hbs1nnq6mba31-RO/image,
https://frankfurt.apollo.olxcdn.com:443/v1/files/pvvkv7vd97rc3-RO/image,
https://frankfurt.apollo.olxcdn.com:443/v1/files/hxsqf3rawtjm-RO/image,
https://frankfurt.apollo.olxcdn.com:443/v1/files/wp9elzq870ds3-RO/image,
https://frankfurt.apollo.olxcdn.com:443/v1/files/ud27a3gv0m4a1-RO/image,
https://frankfurt.apollo.olxcdn.com:443/v1/files/pqkpgyf6kw2s2-RO/image,
https://frankfurt.apollo.olxcdn.com:443/v1/files/9jpgz0vks3dh2-RO/image,
https://frankfurt.apollo.olxcdn.com:443/v1/files/0seo0grmj69x-RO/image,
https://frankfurt.apollo.olxcdn.com:443/v1/files/9hrtihdis81t2-RO/image,
https://frankfurt.apollo.olxcdn.com:443/v1/files/q7t275b7j6q03-RO/image,
https://frankfurt.apollo.olxcdn.com:443/v1/files/b1p7k6j9s3n9-RO/image,
https://frankfurt.apollo.olxcdn.com:443/v1/files/h3l18ldw2tg5-RO/image,
https://frankfurt.apollo.olxcdn.com:443/v1/files/1qkpxyh2sho7-RO/image,
https://frankfurt.apollo.olxcdn.com:443/v1/files/daeg9h0rzh071-RO/image,
https://frankfurt.apollo.olxcdn.com:443/v1/files/eeh4qyzuqn002-RO/image,
https://frankfurt.apollo.olxcdn.com:443/v1/files/tatft1mo009a1-RO/image,
https://frankfurt.apollo.olxcdn.com:443/v1/files/zhm7x0pgua0g-RO/image,
https://frankfurt.apollo.olxcdn.com:443/v1/files/iw0lmk11h12d2-RO/image,
https://frankfurt.apollo.olxcdn.com:443/v1/files/cy9r1bgp8jyx2-RO/image,
https://frankfurt.apollo.olxcdn.com:443/v1/files/zhy4xpinuoy13-RO/image,
https://frankfurt.apollo.olxcdn.com:443/v1/files/ahz8y9gii4jm-RO/image,
https://frankfurt.apollo.olxcdn.com:443/v1/files/zgdssnk9nvdu-RO/image,
https://frankfurt.apollo.olxcdn.com:443/v1/files/ytxfaih9zw9i3-RO/image,
https://frankfurt.apollo.olxcdn.com:443/v1/files/00zjtsn6dvc22-RO/image,
https://frankfurt.apollo.olxcdn.com:443/v1/files/2nifsawt5qfl3-RO/image,
https://frankfurt.apollo.olxcdn.com:443/v1/files/9ziqjk6jkgu5-RO/image,
https://frankfurt.apollo.olxcdn.com:443/v1/files/qxk3kutoob2l-RO/image,
https://frankfurt.apollo.olxcdn.com:443/v1/files/caqvif4ahk1y-RO/image,
https://frankfurt.apollo.olxcdn.com:443/v1/files/8pveqlqlpemq-RO/image,
https://frankfurt.apollo.olxcdn.com:443/v1/files/f8vq1r7n058y2-RO/image,
https://frankfurt.apollo.olxcdn.com:443/v1/files/s4lc0kce0d3j2-RO/image,
https://frankfurt.apollo.olxcdn.com:443/v1/files/s5peppsj6uer-RO/image,
https://frankfurt.apollo.olxcdn.com:443/v1/files/1ym3vdf8x8hn-RO/image,
https://frankfurt.apollo.olxcdn.com:443/v1/files/uilv8s1qoem72-RO/image,
https://frankfurt.apollo.olxcdn.com:443/v1/files/wkkrywaxjc5a1-RO/image,
https://frankfurt.apollo.olxcdn.com:443/v1/files/9a6vlnwcjyrh2-RO/image,
https://frankfurt.apollo.olxcdn.com:443/v1/files/uy1upql801691-RO/image,
https://frankfurt.apollo.olxcdn.com:443/v1/files/lngtrhf5lvu6-RO/image,
https://frankfurt.apollo.olxcdn.com:443/v1/files/utgafapeivdh-RO/image,
https://frankfurt.apollo.olxcdn.com:443/v1/files/o0cx1g3z9uf5-RO/image,
https://frankfurt.apollo.olxcdn.com:443/v1/files/72zlim27swf6-RO/image,
https://frankfurt.apollo.olxcdn.com:443/v1/files/kbk2dn7ykbnu1-RO/image,
https://frankfurt.apollo.olxcdn.com:443/v1/files/s22fa5hiz5mv-RO/image,
https://frankfurt.apollo.olxcdn.com:443/v1/files/1va163p7wpvg3-RO/image,
https://frankfurt.apollo.olxcdn.com:443/v1/files/8xpdzx5qop7l1-RO/image,
https://frankfurt.apollo.olxcdn.com:443/v1/files/52myywlqosba1-RO/image,
https://frankfurt.apollo.olxcdn.com:443/v1/files/qk0ark70nbhs3-RO/image,
https://frankfurt.apollo.olxcdn.com:443/v1/files/0s9ommigsmy92-RO/image,
https://frankfurt.apollo.olxcdn.com:443/v1/files/gq4pur9tbug91-RO/image,
https://frankfurt.apollo.olxcdn.com:443/v1/files/gn06udzv273m1-RO/image,
https://frankfurt.apollo.olxcdn.com:443/v1/files/96t1mtpr9vcj2-RO/image,
https://frankfurt.apollo.olxcdn.com:443/v1/files/i5qlf8dz9ydo-RO/image,
https://frankfurt.apollo.olxcdn.com:443/v1/files/kadv4bz3iscu3-RO/image,
https://frankfurt.apollo.olxcdn.com:443/v1/files/ydm5yztmk3sc2-RO/image,
https://frankfurt.apollo.olxcdn.com:443/v1/files/tup9i2n958ls1-RO/image,
https://frankfurt.apollo.olxcdn.com:443/v1/files/skftoh9j9t1w1-RO/image,
